ID,Count
18288,585.4734448
18289,467.2384394
18290,395.4276326
18291,326.7277258
18292,275.0077142
18293,246.1772672
18294,264.7074101
18295,306.9906785
18296,353.5189207
18297,456.8236875
18298,648.4093431
18299,718.846776
18300,726.4627584
18301,642.4996737
18302,686.9886638
18303,678.3114379
18304,660.9986036
18305,676.397038
18306,693.0439941
18307,735.3896885
18308,706.6840937
18309,659.6148254
18310,662.0078253
18311,646.3596866
18312,378.9922959
18313,302.45568
18314,255.9706639
18315,211.4994148
18316,178.0196966
18317,159.3569931
18318,171.35204
18319,198.7231071
18320,228.842057
18321,295.7139383
18322,419.7323513
18323,465.3283466
18324,470.2583714
18325,415.9068675
18326,444.7057561
18327,439.0887605
18328,427.8817094
18329,437.8495193
18330,448.62553
18331,476.0370072
18332,457.4551237
18333,426.9859535
18334,428.5350051
18335,418.405555
18336,361.3084228
18337,288.3430241
18338,244.0270102
18339,201.6308004
18340,169.713254
18341,151.9213568
18342,163.3567119
18343,189.4506384
18344,218.1642307
18345,281.9158537
18346,400.1475373
18347,443.6160122
18348,448.3160009
18349,396.5005515
18350,423.9556769
18351,418.6007717
18352,407.9166443
18353,417.4193537
18354,427.6925531
18355,453.8250041
18356,436.1101559
18357,407.0626846
18358,408.539457
18359,398.8826496
18360,643.0125653
18361,513.1576678
18362,434.2894434
18363,358.8378517
18364,302.0349042
18365,270.3710604
18366,290.7223075
18367,337.1610882
18368,388.2620299
18369,501.7193756
18370,712.1336737
18371,789.4935519
18372,797.8580173
18373,705.6432142
18374,754.5044903
18375,744.9744846
18376,725.9601807
18377,742.8719414
18378,761.1549259
18379,807.6622677
18380,776.1355463
18381,724.4404076
18382,727.0685866
18383,709.8825812
18384,637.4303626
18385,508.702778
18386,430.5192345
18387,355.7226627
18388,299.4128402
18389,268.0238806
18390,288.1984519
18391,334.2340823
18392,384.8914
18393,497.3637854
18394,705.951408
18395,782.6396998
18396,790.9315505
18397,699.5172943
18398,747.9543896
18399,738.5071171
18400,719.6578826
18401,736.4228267
18402,754.5470907
18403,800.650687
18404,769.3976594
18405,718.1513031
18406,720.7566661
18407,703.719858
18408,661.8794187
18409,528.2144039
18410,447.0320796
18411,369.3666368
18412,310.8970144
18413,278.3041108
18414,299.2524909
18415,347.0538479
18416,399.6541599
18417,516.4404968
18418,733.0286333
18419,812.6583543
18420,821.2682444
18421,726.347735
18422,776.6426666
18423,766.8330378
18424,747.2608286
18425,764.6688031
18426,783.488235
18427,831.3601648
18428,798.9084069
18429,745.6964633
18430,748.4017567
18431,730.7114907
18432,624.0050575
18433,497.9886822
18434,421.4518094
18435,348.2305733
18436,293.1067259
18437,262.3788681
18438,282.1285306
18439,327.1945768
18440,376.7849702
18441,486.8885069
18442,691.0829399
18443,766.1560533
18444,774.2732644
18445,684.7843389
18446,732.2012714
18447,722.9529735
18448,704.5007341
18449,720.9125817
18450,738.6551196
18451,783.7877003
18452,753.1929115
18453,703.0258857
18454,705.5763755
18455,688.8983899
18456,605.345652
18457,483.0975004
18458,408.8492829
18459,337.817556
18460,284.3420578
18461,254.5330444
18462,273.6921396
18463,317.4105916
18464,365.5181007
18465,472.3292498
18466,670.4177278
18467,743.2459561
18468,751.1204411
18469,664.3074717
18470,710.3065122
18471,701.334763
18472,683.4342945
18473,699.3553842
18474,716.5673732
18475,760.3503702
18476,730.6704467
18477,682.0035479
18478,684.4777713
18479,668.2985017
18480,391.8562873
18481,312.7218181
18482,264.6589788
18483,218.678259
18484,184.0621514
18485,164.7659869
18486,177.1681771
18487,205.4682899
18488,236.6095559
18489,305.751244
18490,433.9791669
18491,481.1228096
18492,486.2201725
18493,430.0238361
18494,459.8002344
18495,453.9925833
18496,442.4051355
18497,452.711279
18498,463.8530557
18499,492.1949502
18500,472.982349
18501,441.4789753
18502,443.0806057
18503,432.6073356
18504,373.5720138
18505,298.1300113
18506,252.3098158
18507,208.4745868
18508,175.4736897
18509,157.077897
18510,168.9013928
18511,195.8810037
18512,225.5691976
18513,291.4846888
18514,413.729412
18515,458.6733012
18516,463.5328178
18517,409.9586396
18518,438.3456515
18519,432.8089892
18520,421.7622194
18521,431.5874714
18522,442.2093655
18523,469.2288084
18524,450.9126799
18525,420.8792745
18526,422.4061717
18527,412.4215913
18528,664.8380661
18529,530.5755593
18530,449.0303444
18531,371.0177316
18532,312.2867459
18533,279.5481497
18534,300.5901706
18535,348.6052029
18536,401.4406421
18537,518.749022
18538,736.3053227
18539,816.2909942
18540,824.9393711
18541,729.5945603
18542,780.1143138
18543,770.2608352
18544,750.6011369
18545,768.0869263
18546,786.9904823
18547,835.076403
18548,802.4795836
18549,749.0297788
18550,751.747165
18551,733.9778223
18552,659.0661576
18553,525.9692743
18554,445.1320086
18555,367.7966759
18556,309.5755736
18557,277.1212034
18558,297.9805442
18559,345.5787256
18560,397.9554646
18561,514.2454113
18562,729.9129586
18563,809.2042205
18564,817.777515
18565,723.2604569
18566,773.3416143
18567,763.5736804
18568,744.0846613
18569,761.4186447
18570,780.1580862
18571,827.8265405
18572,795.512716
18573,742.5269452
18574,745.2207399
18575,727.6056649
18576,684.3452841
18577,546.1433398
18578,462.2054817
18579,381.9038768
18580,321.4496472
18581,287.7504579
18582,309.4098791
18583,358.8337353
18584,413.2194353
18585,533.9697965
18586,757.9094834
18587,840.242039
18588,849.1441706
18589,751.0018184
18590,803.0038876
18591,792.861295
18592,772.6247555
18593,790.6236008
18594,810.0818119
18595,859.5786363
18596,826.0253836
18597,771.0072917
18598,773.8044096
18599,755.5136911
18600,645.1851891
18601,514.8915352
18602,435.7568292
18603,360.0503002
18604,303.0554257
18605,271.2845955
18606,291.7046058
18607,338.3002948
18608,389.5738974
18609,503.4145951
18610,714.5398452
18611,792.1611085
18612,800.5538359
18613,708.0274556
18614,757.0538251
18615,747.4916193
18616,728.4130695
18617,745.381972
18618,763.7267314
18619,810.3912132
18620,778.7579686
18621,726.8881614
18622,729.5252205
18623,712.2811467
18624,625.8925997
18625,499.4950396
18626,422.7266517
18627,349.28393
18628,293.9933394
18629,263.1725334
18630,282.9819364
18631,328.1843021
18632,377.9247006
18633,488.3612876
18634,693.1733848
18635,768.4735856
18636,776.6153503
18637,686.8557313
18638,734.4160945
18639,725.1398216
18640,706.6317663
18641,723.0932578
18642,740.8894648
18643,786.1585663
18644,755.4712319
18645,705.1524566
18646,707.7106614
18647,690.9822268
18648,405.1567793
18649,323.3363066
18650,273.6421054
18651,226.1006956
18652,190.3096387
18653,170.3585186
18654,183.1816673
18655,212.4423502
18656,244.6406214
18657,316.1291355
18658,448.7094051
18659,497.4532101
18660,502.7235891
18661,444.6198215
18662,475.4068983
18663,469.4021224
18664,457.4213703
18665,468.0773277
18666,479.5972816
18667,508.9011644
18668,489.0364438
18669,456.4637741
18670,458.1197675
18671,447.2910108
18672,386.2519746
18673,308.2492834
18674,260.8738369
18675,215.5507314
18676,181.429702
18677,162.4095104
18678,174.634325
18679,202.5296908
18680,233.2255757
18681,301.3784022
18682,427.7724145
18683,474.2418108
18684,479.2662714
18685,423.8736528
18686,453.2241902
18687,447.4995999
18688,436.0778753
18689,446.2366207
18690,457.2190482
18691,485.1555981
18692,466.2177748
18693,435.164961
18694,436.743685
18695,426.4202032
18696,687.404194
18697,548.58451
18698,464.2714636
18699,383.6109238
18700,322.8864739
18701,289.0366547
18702,310.79289
18703,360.4376626
18704,415.0664577
18705,536.356553
18706,761.2972131
18707,843.9977817
18708,852.9397043
18709,754.3586721
18710,806.5931818
18711,796.4052536
18712,776.0782601
18713,794.1575572
18714,813.7027433
18715,863.4208103
18716,829.7175801
18717,774.4535665
18718,777.263187
18719,758.8907121
18720,681.436485
18721,543.8219659
18722,460.2408844
18723,380.2806003
18724,320.0833304
18725,286.527379
18726,308.0947372
18727,357.308518
18728,411.4630524
18729,531.7001661
18730,754.6880008
18731,836.6706032
18732,845.5348964
18733,747.8096968
18734,799.5907319
18735,789.4912503
18736,769.3407259
18737,787.2630673
18738,806.6385716
18739,855.9250106
18740,822.5143754
18741,767.7301371
18742,770.5153658
18743,752.3023918
18744,707.5735437
18745,564.6807062
18746,477.8938033
18747,394.8665765
18748,332.3603907
18749,297.5173731
18750,319.9119651
18751,371.0133811
18752,427.2450573
18753,552.0939647
18754,783.6346818
18755,868.7617946
18756,877.9660851
18757,776.4925548
18758,830.2596943
18759,819.7728387
18760,798.8494243
18761,817.4591919
18762,837.5778596
18763,888.7547206
18764,854.062593
18765,797.17706
18766,800.0691185
18767,781.1575709
18768,667.0843521
18769,532.368213
18770,450.5474816
18771,372.2712878
18772,313.341868
18773,280.4926581
18774,301.6057735
18775,349.7830341
18776,402.7969881
18777,520.5017175
18778,738.7930748
18779,819.0489936
18780,827.7265908
18781,732.0596388
18782,782.7500832
18783,772.8633127
18784,753.1371903
18785,770.6820588
18786,789.6494842
18787,837.8978726
18788,805.1909184
18789,751.560523
18790,754.2870904
18791,736.4577106
18792,647.136849
18793,516.449062
18794,437.0749766
18795,361.1394383
18796,303.9721565
18797,272.1052208
18798,292.5870009
18799,339.3236399
18800,390.7523432
18801,504.9374046
18802,716.7013002
18803,794.5573649
18804,802.97548
18805,710.1692109
18806,759.3438833
18807,749.7527522
18808,730.6164905
18809,747.6367233
18810,766.0369749
18811,812.8426149
18812,781.113681
18813,729.0869696
18814,731.7320058
18815,714.4357693
18816,418.9087861
18817,334.3111275
18818,282.9301842
18819,233.7751032
18820,196.7692109
18821,176.1409011
18822,189.3992987
18823,219.6531604
18824,252.9443193
18825,326.8593274
18826,463.9396939
18827,514.3379823
18828,519.7872507
18829,459.7112999
18830,491.543365
18831,485.3347723
18832,472.9473644
18833,483.9650109
18834,495.87598
18835,526.1745079
18836,505.6355304
18837,471.9572651
18838,473.6694669
18839,462.4731558
18840,399.3622686
18841,318.7119839
18842,269.7285041
18843,222.8670266
18844,187.5878498
18845,167.9220685
18846,180.5618218
18847,209.4040215
18848,241.1417963
18849,311.6078889
18850,442.2920092
18851,490.3386853
18852,495.5336878
18853,438.2609143
18854,468.6076776
18855,462.6887813
18856,450.8793767
18857,461.3829337
18858,472.7381304
18859,501.622912
18860,482.0422947
18861,449.935476
18862,451.5677855
18863,440.8939006
18864,710.7363577
18865,567.2047973
18866,480.0299618
18867,396.6316079
18868,333.846023
18869,298.847259
18870,321.3419536
18871,372.6717901
18872,429.1548188
18873,554.5617937
18874,787.1374849
18875,872.6451111
18876,881.8905442
18877,779.9634329
18878,833.9709085
18879,823.4371773
18880,802.4202364
18881,821.1131886
18882,841.3217857
18883,892.7274044
18884,857.8802049
18885,800.7403967
18886,803.6453826
18887,784.6493014
18888,704.5660367
18889,562.2805583
18890,475.8625389
18891,393.1882153
18892,330.947709
18893,296.2527899
18894,318.5521948
18895,369.4364067
18896,425.429073
18897,549.7473161
18898,780.3038806
18899,865.0691648
18900,874.2343329
18901,773.1921109
18902,826.7307157
18903,816.2884341
18904,795.4539536
18905,813.9846213
18906,834.0177756
18907,884.9771119
18908,850.4324414
18909,793.7886976
18910,796.6684636
18911,777.8372985
18912,731.5902982
18913,583.8473328
18914,494.1146729
18915,408.2693015
18916,343.6415049
18917,307.615831
18918,330.7705496
18919,383.606471
18920,441.7467862
18921,570.8333669
18922,810.233135
18923,898.2496675
18924,907.7663738
18925,802.8485869
18926,858.4407129
18927,847.5979082
18928,825.9643025
18929,845.2057306
18930,866.0072745
18931,918.9212017
18932,883.0515395
18933,824.2351742
18934,827.2253961
18935,807.6719449
18936,689.7267636
18937,550.438042
18938,465.8401226
18939,384.9070507
18940,323.9774278
18941,290.0132384
18942,311.8429826
18943,361.6554927
18944,416.468865
18945,538.1687697
18946,763.869449
18947,846.8494424
18948,855.8215776
18949,756.9074643
18950,809.3184617
18951,799.0961109
18952,778.7004375
18953,796.8408201
18954,816.4520445
18955,866.3380967
18956,832.5209916
18957,777.0702545
18958,779.889368
18959,761.454817
18960,669.1022319
18961,533.9785867
18962,451.9103538
18963,373.3973804
18964,314.2897035
18965,281.3411272
18966,302.5181082
18967,350.8411014
18968,404.0154186
18969,522.0761959
18970,741.0278682
18971,821.5265551
18972,830.2304013
18973,734.274064
18974,785.1178432
18975,775.201166
18976,755.4153735
18977,773.0133139
18978,792.0381144
18979,840.4324505
18980,807.6265602
18981,753.833937
18982,756.568752
18983,738.6854396
18984,433.1275378
18985,345.6584352
18986,292.5335016
18987,241.7099813
18988,203.4480217
18989,182.1195385
18990,195.8279573
18991,227.1087065
18992,261.5298457
18993,337.9537035
18994,479.6869008
18995,531.7958258
18996,537.4300553
18997,475.3149851
18998,508.2275055
18999,501.8081786
19000,489.0003128
19001,500.3919242
19002,512.7071797
19003,544.0341111
19004,522.7979923
19005,487.9766072
19006,489.7469252
19007,478.170585
19008,412.9175835
19009,329.5298344
19010,278.8837376
19011,230.431669
19012,193.9550321
19013,173.6217469
19014,186.6905239
19015,216.5116971
19016,249.3267283
19017,322.1846094
19018,457.3044627
19019,506.9819584
19020,512.3532918
19021,453.1365428
19022,484.5133481
19023,478.3935502
19024,466.1833061
19025,477.043379
19026,488.7839984
19027,518.6491989
19028,498.4039684
19029,465.2073671
19030,466.8950811
19031,455.8588989
19032,734.8604285
19033,586.4570678
19034,496.3233126
19035,410.0942215
19036,345.1775456
19037,308.9908409
19038,332.2490585
19039,385.3211509
19040,443.721347
19041,573.3849309
19042,813.8547903
19043,902.2647473
19044,911.8239923
19045,806.4372341
19046,862.277851
19047,851.3865801
19048,829.6562745
19049,848.9837097
19050,869.8782343
19051,923.0286811
19052,886.9986853
19053,827.9194172
19054,830.9230051
19055,811.282152
19056,728.4806978
19057,581.365709
19058,492.0144548
19059,406.5339663
19060,342.180868
19061,306.3083202
19062,329.3646203
19063,381.9759644
19064,439.8691561
19065,568.4070586
19066,806.7892659
19067,894.4316871
19068,903.9079429
19069,799.4361056
19070,854.7919391
19071,843.9952214
19072,822.4535686
19073,841.6132117
19074,862.3263393
19075,915.0153576
19076,879.2981582
19077,820.7317899
19078,823.709302
19079,804.2389621
19080,756.4222037
19081,603.6644925
19082,510.8860938
19083,422.1269275
19084,355.3055105
19085,318.0570401
19086,341.9976846
19087,396.6269822
19088,456.7407172
19089,590.2088018
19090,837.7343644
19091,928.7383863
19092,938.5781122
19093,830.0991673
19094,887.5782216
19095,876.3673864
19096,853.999485
19097,873.8940127
19098,895.4016102
19099,950.1115613
19100,913.0243979
19101,852.211666
19102,855.3033831
19103,835.0862415
19104,713.1377419
19105,569.1212275
19106,481.6518521
19107,397.9717179
19108,334.9739976
19109,299.8569824
19110,322.4276804
19111,373.9309463
19112,430.6048158
19113,556.4355067
19114,789.7970076
19115,875.5935408
19116,884.8702117
19117,782.5987165
19118,836.7886686
19119,826.2193468
19120,805.1313954
19121,823.887506
19122,844.1643824
19123,895.7436867
19124,860.778748
19125,803.44588
19126,806.360681
19127,787.3004172
19128,691.8131467
19129,552.1030849
19130,467.2492617
19131,386.071372
19132,324.9574405
19133,290.8905115
19134,312.7862894
19135,362.7494794
19136,417.728659
19137,539.7966987
19138,766.1801094
19139,849.4111124
19140,858.4103878
19141,759.1970651
19142,811.7666026
19143,801.5133299
19144,781.0559607
19145,799.2512169
19146,818.9217642
19147,868.9587187
19148,835.0393188
19149,779.4208465
19150,782.2484877
19151,763.7581732
19152,447.8289226
19153,357.3909094
19154,302.4627885
19155,249.9141963
19156,210.3535343
19157,188.3011113
19158,202.4748267
19159,234.8173193
19160,270.4067944
19161,349.4246607
19162,495.9686218
19163,549.8462484
19164,555.6717171
19165,491.4483128
19166,525.4779629
19167,518.8407487
19168,505.5981533
19169,517.3764232
19170,530.109688
19171,562.4999303
19172,540.5430068
19173,504.5397007
19174,506.3701075
19175,494.4008386
19176,426.9329855
19177,340.7148584
19178,288.3497129
19179,238.2530662
19180,200.5383258
19181,179.5148807
19182,193.027243
19183,223.8606175
19184,257.7894686
19185,333.120319
19186,472.8264605
19187,524.1901283
19188,529.7437774
19189,468.5170716
19190,500.95888
19191,494.6313617
19192,482.0066729
19193,493.2353625
19194,505.3744863
19195,536.2533826
19196,515.3209809
19197,480.9976083
19198,482.7426073
19199,471.3318309
19200,759.8033479
19201,606.3628225
19202,513.1697121
19203,424.0137996
19204,356.8936965
19205,319.4787286
19206,343.5263857
19207,398.3998717
19208,458.7823101
19209,592.846986
19210,841.4789672
19211,932.8897694
19212,942.7734781
19213,833.8096414
19214,891.5456222
19215,880.2846756
19216,857.8167915
19217,877.8002461
19218,899.4039807
19219,954.3584808
19220,917.1055408
19221,856.0209811
19222,859.1265179
19223,838.8190074
19224,753.2070616
19225,601.0986409
19226,508.7145931
19227,420.332694
19228,353.7952988
19229,316.7051515
19230,340.5440372
19231,394.9411352
19232,454.7993592
19233,587.7001431
19234,834.1736083
19235,924.7908212
19236,934.5887237
19237,826.5708643
19238,883.8056062
19239,872.6424222
19240,850.3695946
19241,870.1795614
19242,891.5957417
19243,946.0731504
19244,909.1436245
19245,848.5893747
19246,851.6679506
19247,831.5367411
19248,782.0969799
19249,624.1543072
19250,528.2267881
19251,436.4549236
19252,367.3654282
19253,328.8526557
19254,353.6059028
19255,410.0894493
19256,472.243588
19257,610.2418982
19258,866.1690696
19259,960.2619854
19260,970.435695
19261,858.2747157
19262,917.7047464
19263,906.1133887
19264,882.9862673
19265,903.5560627
19266,925.7936794
19267,982.360617
19268,944.0146266
19269,881.1377654
19270,884.3344228
19271,863.4310631
19272,737.3433304
19273,588.4385535
19274,498.0002598
19275,411.4798231
19276,346.3438106
19277,310.0348404
19278,333.3716415
19279,386.6230507
19280,445.2205659
19281,575.3222493
19282,816.6045937
19283,905.3132649
19284,914.9048081
19285,809.1619755
19286,865.1912633
19287,854.2631936
19288,832.459467
19289,851.8522046
19290,872.8173263
19291,926.1473546
19292,889.9956229
19293,830.7167412
19294,833.7304775
19295,814.0232631
19296,715.2949362
19297,570.8427814
19298,483.1088169
19299,399.1755559
19300,335.9872717
19301,300.7640298
19302,323.4030027
19303,375.0620626
19304,431.9073668
19305,558.1186872
19306,792.1860912
19307,878.2421531
19308,887.5468854
19309,784.9660257
19310,839.3198988
19311,828.7186055
19312,807.5668644
19313,826.3797111
19314,846.7179236
19315,898.4532519
19316,863.3825466
19317,805.8762505
19318,808.7998686
19319,789.6819487
19320,463.0293003
19321,369.5216061
19322,312.7290942
19323,258.396878
19324,217.4934331
19325,194.6924985
19326,209.3473034
19327,242.787577
19328,279.5850435
19329,361.2849639
19330,512.8029753
19331,568.5093366
19332,574.5325355
19333,508.1292362
19334,543.3139336
19335,536.4514365
19336,522.7593559
19337,534.9374083
19338,548.1028704
19339,581.5925145
19340,558.8903209
19341,521.6649769
19342,523.5575121
19343,511.1819778
19344,441.4241096
19345,352.2795336
19346,298.1369901
19347,246.3399437
19348,207.3450751
19349,185.6080441
19350,199.5790481
19351,231.458981
19352,266.5394583
19353,344.4272174
19354,488.8753187
19355,541.9823919
19356,547.7245451
19357,484.4196588
19358,517.9626196
19359,511.4203303
19360,498.3671294
19361,509.9769475
19362,522.5281021
19363,554.4551018
19364,532.8122045
19365,497.3238147
19366,499.1280432
19367,487.3299578
19368,785.5928796
19369,626.944218
19370,530.587912
19371,438.4058359
19372,369.0075169
19373,330.322596
19374,355.1864878
19375,411.9225104
19376,474.3544723
19377,612.9696219
19378,870.0407636
19379,964.5542658
19380,974.773451
19381,862.1111227
19382,921.8068
19383,910.16363
19384,886.9331325
19385,907.594873
19386,929.9318898
19387,986.7516762
19388,948.2342829
19389,885.076368
19390,888.2873142
19391,867.2905184
19392,778.7727056
19393,621.5013624
19394,525.9815797
19395,434.5997881
19396,365.803955
19397,327.4548797
19398,352.102914
19399,408.3463792
19400,470.2363341
19401,607.6480876
19402,862.48745
19403,956.1804273
19404,966.310894
19405,854.6266507
19406,913.8040763
19407,902.2619872
19408,879.2331668
19409,899.7155311
19410,921.8586276
19411,978.1851295
19412,940.0021274
19413,877.3925219
19414,880.575592
19415,859.7610813
19416,808.6432112
19417,645.3395886
19418,546.1560613
19419,451.2692416
19420,379.8346844
19421,340.0146968
19422,365.608128
19423,424.0088603
19424,488.2726583
19425,630.9549594
19426,895.5689075
19427,992.8555606
19428,1003.37459
19429,887.4066004
19430,948.8538277
19431,936.8690317
19432,912.9569208
19433,934.2249041
19434,957.2173184
19435,1015.704272
19436,976.0567279
19437,911.0456764
19438,914.350836
19439,892.7379665
19440,762.3705211
19441,608.411561
19442,514.9035759
19443,425.4464294
19444,358.0995453
19445,320.5581621
19446,344.6870699
19447,399.7459588
19448,460.3324134
19449,594.8500581
19450,844.3221006
19451,936.0417556
19452,945.9588586
19453,836.6268622
19454,894.5579176
19455,883.2589231
19456,860.7151261
19457,880.7660994
19458,902.4428273
19459,957.583004
19460,920.2041963
19461,858.9132481
19462,862.0292777
19463,841.6531535
19464,739.5737478
19465,590.2185432
19466,499.5066793
19467,412.7245238
19468,347.3914789
19469,310.9726764
19470,334.3800698
19471,387.7925612
19472,446.5673301
19473,577.062563
19474,819.0747714
19475,908.0517808
19476,917.6723378
19477,811.6096397
19478,867.8084125
19479,856.8472861
19480,834.9776047
19481,854.429004
19482,875.4575439
19483,928.9488923
19484,892.6878038
19485,833.2296073
19486,836.2524599
19487,816.4856324
19488,478.7456185
19489,382.0640502
19490,323.3438651
19491,267.1674839
19492,224.8756786
19493,201.300826
19494,216.4530499
19495,251.0283661
19496,289.0748263
19497,373.5478368
19498,530.2087306
19499,587.8058986
19500,594.0335392
19501,525.3763537
19502,561.7553036
19503,554.6598769
19504,540.5030546
19505,553.0944591
19506,566.7067883
19507,601.3331507
19508,577.8603906
19509,539.3715297
19510,541.328302
19511,528.5327126
19512,456.4070941
19513,364.2367391
19514,308.2564689
19515,254.7013075
19516,214.3828602
19517,191.9080227
19518,206.3532358
19519,239.3152495
19520,275.5864416
19521,356.1178966
19522,505.4689101
19523,560.3785637
19524,566.3156193
19525,500.8620145
19526,535.5435032
19527,528.779153
19528,515.2828954
19529,527.2867784
19530,540.2639491
19531,573.2746271
19532,550.8971183
19533,514.2041681
19534,516.0696364
19535,503.871096
19536,812.2577741
19537,648.2241989
19538,548.5973302
19539,453.2863748
19540,381.5325115
19541,341.5345322
19542,367.2423637
19543,425.9041421
19544,490.4551935
19545,633.7752717
19546,899.5720206
19547,997.2935363
19548,1007.859585
19549,891.3732287
19550,953.0951196
19551,941.0567526
19552,917.0377568
19553,938.400806
19554,961.4959943
19555,1020.24438
19556,980.4196143
19557,915.1179692
19558,918.4379026
19559,896.7284255
19560,805.2061044
19561,642.5965975
19562,543.834646
19563,449.351139
19564,378.2202117
19565,338.5694775
19566,364.0541247
19567,422.206627
19568,486.1972742
19569,628.2731096
19570,891.7623264
19571,988.6354662
19572,999.1097851
19573,883.6347129
19574,944.820761
19575,932.886906
19576,909.0764326
19577,930.2540171
19578,953.148703
19579,1011.38706
19580,971.9080363
19581,907.1733118
19582,910.464423
19583,888.9434182
19584,836.0904886
19585,667.2439519
19586,564.6938994
19587,466.5863949
19588,392.7271786
19589,351.5556058
19590,378.017739
19591,438.4007314
19592,504.8457958
19593,652.3710741
19594,925.9666502
19595,1026.555444
19596,1037.431515
19597,917.527295
19598,981.0601875
19599,968.668599
19600,943.9448541
19601,965.9347234
19602,989.707555
19603,1050.179695
19604,1009.186419
19605,941.9687375
19606,945.386082
19607,923.0396203
19608,788.2471909
19609,629.0624973
19610,532.3806287
19611,439.8870937
19612,370.2542961
19613,331.438669
19614,356.3865694
19615,413.314288
19616,475.957191
19617,615.0406847
19618,872.980402
19619,967.8132404
19620,978.0669535
19621,865.0239689
19622,924.9213422
19623,913.238833
19624,889.9298458
19625,910.6613969
19626,933.0738846
19627,990.0856501
19628,951.4381167
19629,888.0668078
19630,891.2886029
19631,870.2208645
19632,764.6766428
19633,610.2519668
19634,516.4611261
19635,426.7333774
19636,359.1827734
19637,321.5278299
19638,345.7297261
19639,400.9551646
19640,461.7248893
19641,596.6494412
19642,846.8761205
19643,938.8732216
19644,948.8203232
19645,839.1576045
19646,897.2638976
19647,885.9307245
19648,863.3187339
19649,883.4303601
19650,905.1726587
19651,960.4796309
19652,922.9877547
19653,861.5114053
19654,864.6368607
19655,844.1991
19656,494.9953842
19657,395.0322134
19658,334.3189255
19659,276.2357842
19660,232.5084944
19661,208.1334551
19662,223.7999816
19663,259.5488663
19664,298.8867139
19665,386.2269394
19666,548.2052769
19667,607.7574298
19668,614.1964514
19669,543.2088776
19670,580.8226156
19671,573.4863533
19672,558.8490147
19673,571.8678015
19674,585.9421655
19675,621.7438291
19676,597.4743476
19677,557.6790832
19678,559.702273
19679,546.4723708
19680,471.8986381
19681,376.5998017
19682,318.7194278
19683,263.3464766
19684,221.6595252
19685,198.4218381
19686,213.3573562
19687,247.4381791
19688,284.9405019
19689,368.2053864
19690,522.6257291
19691,579.3991471
19692,585.5377205
19693,517.8624644
19694,553.7211255
19695,546.7271771
19696,532.7728245
19697,545.1841477
19698,558.6017945
19699,592.7329336
19700,569.5958789
19701,531.6574826
19702,533.5862693
19703,520.9736813
19704,839.8277364
19705,670.2264712
19706,567.2180294
19707,468.6719933
19708,394.4826331
19709,353.1270272
19710,379.7074437
19711,440.3603425
19712,507.1024102
19713,655.287113
19714,930.1056363
19715,1031.144053
19716,1042.068738
19717,921.6285579
19718,985.4454366
19719,972.9984589
19720,948.1642011
19721,970.2523631
19722,994.1314571
19723,1054.873902
19724,1013.69739
19725,946.1792514
19726,949.6118712
19727,927.1655228
19728,832.5367176
19729,664.4078567
19730,562.2936894
19731,464.6031871
19732,391.0579066
19733,350.061332
19734,376.4109889
19735,436.5373257
19736,502.6999678
19737,649.5981955
19738,922.030864
19739,1022.192109
19740,1033.021951
19741,913.6273799
19742,976.8902283
19743,964.5513098
19744,939.9326522
19745,961.8290544
19746,985.5008405
19747,1045.715946
19748,1004.89691
19749,937.964935
19750,941.3677542
19751,919.1162753
19752,864.4693901
19753,689.8918
19754,583.8609547
19755,482.4234479
19756,406.0572739
19757,363.48824
19758,390.848561
19759,453.2810958
19760,521.9814639
19761,674.5141014
19762,957.3961626
19763,1061.39918
19764,1072.64441
19765,948.6703556
19766,1014.359706
19767,1001.547517
19768,975.9845896
19769,998.7208473
19770,1023.300585
19771,1085.825294
19772,1043.440608
19773,973.9413988
19774,977.4747362
19775,954.3697823
19776,815.0021781
19777,650.4143768
19778,550.4508953
19779,454.8179094
19780,382.8216088
19781,342.6884869
19782,368.4831784
19783,427.3431594
19784,492.1123117
19785,635.9166305
19786,902.6114362
19787,1000.663127
19788,1011.264876
19789,894.3849428
19790,956.3153756
19791,944.2363342
19792,920.1361845
19793,941.5714138
19794,964.7446347
19795,1023.691515
19796,983.7321926
19797,918.2099105
19798,921.541061
19799,899.7582334
19800,790.6315885
19801,630.9653713
19802,533.9910462
19803,441.2177241
19804,371.3742918
19805,332.4412499
19806,357.464616
19807,414.5645374
19808,477.3969312
19809,616.9011437
19810,875.6211122
19811,970.7408139
19812,981.0255438
19813,867.6406114
19814,927.7191704
19815,916.0013224
19816,892.621827
19817,913.4160897
19818,935.8963737
19819,993.0805961
19820,954.3161564
19821,890.7531534
19822,893.9846942
19823,872.8532272
19824,511.7967065
19825,408.4405476
19826,345.666506
19827,285.6118847
19828,240.4003865
19829,215.1980003
19830,231.396286
19831,268.3585731
19832,309.0316409
19833,399.3364017
19834,566.8126697
19835,628.3861645
19836,635.0437418
19837,561.6466807
19838,600.5371186
19839,592.9518461
19840,577.8176813
19841,591.2783567
19842,605.8304382
19843,642.8472955
19844,617.75405
19845,576.6080395
19846,578.6999013
19847,565.0209446
19848,487.9160014
19849,389.3824955
19850,329.537524
19851,272.285083
19852,229.1831772
19853,205.1567477
19854,220.5992129
19855,255.83682
19856,294.612061
19857,380.7031538
19858,540.3648906
19859,599.0653336
19860,605.4122648
19861,535.4399494
19862,572.5157388
19863,565.2843992
19864,550.8564025
19865,563.6889957
19866,577.5620694
19867,612.8517005
19868,588.9293191
19869,549.7032033
19870,551.6974576
19871,538.6567684
19872,868.33349
19873,692.9755539
19874,586.4707603
19875,484.579837
19876,407.8723132
19877,365.1129995
19878,392.5956187
19879,455.3072213
19880,524.3146738
19881,677.5291183
19882,961.6756367
19883,1066.143538
19884,1077.439033
19885,952.9108261
19886,1018.893802
19887,1006.024344
19888,980.3471523
19889,1003.185039
19890,1027.874646
19891,1090.678835
19892,1048.104693
19893,978.2948287
19894,981.8439597
19895,958.6357288
19896,860.7949959
19897,686.9594412
19898,581.3792759
19899,480.3729254
19900,404.331343
19901,361.9432471
19902,389.1872741
19903,451.3544418
19904,519.7628016
19905,671.6471049
19906,953.3267867
19907,1056.887743
19908,1068.085176
19909,944.6380684
19910,1010.048208
19911,997.2904777
19912,971.8362043
19913,994.4758225
19914,1018.951085
19915,1081.210035
19916,1039.005504
19917,969.8016981
19918,973.3200171
19919,950.31327
19920,893.81154
19921,713.3083708
19922,603.678586
19923,498.7980486
19924,419.8398249
19925,375.8258965
19926,404.114892
19927,468.6665358
19928,539.6987579
19929,697.4087164
19930,989.8924685
19931,1097.425596
19932,1109.052516
19933,980.8704868
19934,1048.78949
19935,1035.542425
19936,1009.111831
19937,1032.619811
19938,1058.033844
19939,1122.680791
19940,1078.857468
19941,1006.999289
19942,1010.652557
19943,986.7633657
19944,842.6652925
19945,672.4909894
19946,569.1345093
19947,470.2555121
19948,395.8154857
19949,354.3201501
19950,380.9903748
19951,441.8482037
19952,508.8157753
19953,657.501155
19954,933.2482175
19955,1034.628016
19956,1045.589613
19957,924.7424973
19958,988.7749964
19959,976.2859636
19960,951.3677974
19961,973.5305894
19962,997.4903646
19963,1058.438043
19964,1017.122405
19965,949.3761411
19966,952.8203588
19967,930.2981701
19968,817.4675075
19969,652.3818387
19970,552.115974
19971,456.1937045
19972,383.9796197
19973,343.7250976
19974,369.5978164
19975,428.6358451
19976,493.60092
19977,637.8402376
19978,905.3417781
19979,1003.690069
19980,1014.323887
19981,897.0904
19982,959.2081684
19983,947.0925887
19984,922.9195376
19985,944.4196071
19986,967.6629255
19987,1026.788117
19988,986.7079195
19989,920.9874367
19990,924.3286638
19991,902.4799445
19992,529.1683053
19993,422.3039923
19994,357.3992503
19995,295.3062321
19996,248.560148
19997,222.5023328
19998,239.2504269
19999,277.467302
20000,319.5209106
20001,412.8908299
20002,586.0516413
20003,649.7150872
20004,656.5986385
20005,580.7103064
20006,620.9207782
20007,613.0780436
20008,597.4301892
20009,611.347752
20010,626.3937658
20011,664.6670634
20012,638.7220933
20013,596.1794893
20014,598.3423538
20015,584.1991008
20016,504.4770324
20017,402.5990647
20018,340.7228123
20019,281.5270872
20020,236.9622
20021,212.1202563
20022,228.0868755
20023,264.520531
20024,304.6118959
20025,393.6251255
20026,558.7061618
20027,619.3990376
20028,625.9613988
20029,553.6140564
20030,591.9482864
20031,584.4714979
20032,569.5537807
20033,582.8219426
20034,597.1659014
20035,633.6533467
20036,608.9189827
20037,568.3614391
20038,570.4233832
20039,556.9400619
20040,897.8067962
20041,716.4967942
20042,606.3769743
20043,501.0276305
20044,421.7164707
20045,377.505804
20046,405.9212487
20047,470.7614325
20048,542.1111622
20049,700.5260698
20050,994.3171977
20051,1102.330988
20052,1114.009879
20053,985.2548885
20054,1053.477483
20055,1040.171206
20056,1013.622469
20057,1037.235528
20058,1062.763159
20059,1127.699072
20060,1083.679862
20061,1011.500485
20062,1015.170082
20063,991.174108
20064,890.012428
20065,710.2764806
20066,601.1126731
20067,496.6779264
20068,418.0553117
20069,374.2284628
20070,402.397217
20071,466.6744864
20072,537.4047889
20073,694.4444071
20074,985.6849681
20075,1092.76103
20076,1104.33853
20077,976.701334
20078,1044.33165
20079,1031.140891
20080,1004.822639
20081,1028.2307
20082,1053.536712
20083,1117.908879
20084,1074.271825
20085,1002.719077
20086,1006.356816
20087,982.5691654
20088,924.1496319
20089,737.5197553
20090,624.1688746
20091,515.7284421
20092,434.0901882
20093,388.5823223
20094,417.8315136
20095,484.5741939
20096,558.0174189
20097,721.0804288
20098,1023.491776
20099,1134.674833
20100,1146.696399
20101,1014.163567
20102,1084.387902
20103,1070.691201
20104,1043.363489
20105,1067.669387
20106,1093.946032
20107,1160.78725
20108,1115.476459
20109,1041.179243
20110,1044.956511
20111,1020.256464
20112,871.2673592
20113,695.316935
20114,588.4522898
20115,486.2171041
20116,409.2504059
20117,366.3466197
20118,393.9220954
20119,456.845584
20120,526.0861944
20121,679.81831
20122,964.9248844
20123,1069.745755
20124,1081.079415
20125,956.1304598
20126,1022.336374
20127,1009.423434
20128,983.659486
20129,1006.574536
20130,1031.347563
20131,1094.36395
20132,1051.645962
20133,981.6002282
20134,985.1613508
20135,961.8747054
20136,845.2143012
20137,674.5252317
20138,570.8561048
20139,471.6780051
20140,397.0128023
20141,355.3919459
20142,382.1428464
20143,443.1847663
20144,510.3549105
20145,659.4900541
20146,936.0712337
20147,1037.7577
20148,1048.752455
20149,927.5397843
20150,991.7659776
20151,979.2391663
20152,954.2456243
20153,976.4754573
20154,1000.507709
20155,1061.63975
20156,1020.199136
20157,952.2479433
20158,955.7025795
20159,933.1122627
20160,547.1295378
20161,436.6379955
20162,369.5302319
20163,305.3296288
20164,256.9968713
20165,230.0545919
20166,247.3711562
20167,286.885203
20168,330.3662112
20169,426.905328
20170,605.9436296
20171,671.7679644
20172,678.8851599
20173,600.420997
20174,641.9963081
20175,633.8873723
20176,617.7083925
20177,632.0983505
20178,647.6550618
20179,687.2274463
20180,660.4018422
20181,616.4152409
20182,618.6515181
20183,604.0282095
20184,521.6001841
20185,416.2642357
20186,352.2877559
20187,291.0827869
20188,245.0052614
20189,219.3201229
20190,235.8286872
20191,273.4989876
20192,314.951149
20193,406.9856995
20194,577.6699793
20195,640.4229159
20196,647.2080192
20197,572.4050357
20198,612.0404208
20199,604.3098522
20200,588.8857922
20201,602.6043071
20202,617.4351341
20203,655.1610501
20204,629.5871429
20205,587.6529797
20206,589.7849111
20207,575.8439337
20208,928.2804969
20209,740.8164016
20210,626.9588528
20211,518.0337014
20212,436.0305319
20213,390.31925
20214,419.6991826
20215,486.7401965
20216,560.511706
20217,724.3035928
20218,1028.066691
20219,1139.746727
20220,1151.822028
20221,1018.696786
20222,1089.235018
20223,1075.477093
20224,1048.027229
20225,1072.441772
20226,1098.835872
20227,1165.975864
20228,1120.462537
20229,1045.83322
20230,1049.627372
20231,1024.816918
20232,920.2215691
20233,734.3849557
20234,621.5158685
20235,513.5363579
20236,432.2451044
20237,386.9306679
20238,416.0555367
20239,482.5145297
20240,555.6455871
20241,718.0155039
20242,1019.141463
20243,1129.851941
20244,1141.822409
20245,1009.852903
20246,1079.778753
20247,1066.140269
20248,1038.928712
20249,1063.131298
20250,1089.296256
20251,1155.853368
20252,1110.735169
20253,1036.75375
20254,1040.514963
20255,1015.919903
20256,955.5174711
20257,762.5529321
20258,645.3546525
20259,533.2334935
20260,448.8242429
20261,401.7717317
20262,432.0137102
20263,501.021796
20264,576.9578589
20265,745.5556157
20266,1058.231524
20267,1173.188399
20268,1185.618005
20269,1048.586693
20270,1121.19461
20271,1107.03301
20272,1078.777731
20273,1103.908628
20274,1131.077166
20275,1200.187134
20276,1153.338386
20277,1076.519346
20278,1080.424823
20279,1054.886398
20280,900.840248
20281,718.9176475
20282,608.4257618
20283,502.7204704
20284,423.1413391
20285,378.7812964
20286,407.2927493
20287,472.3520109
20288,543.9428125
20289,702.8929622
20290,997.6767326
20291,1106.055473
20292,1117.773824
20293,988.5838043
20294,1057.036905
20295,1043.685669
20296,1017.047231
20297,1040.740073
20298,1066.353955
20299,1131.509269
20300,1087.34133
20301,1014.918077
20302,1018.600073
20303,994.5230233
20304,873.9028873
20305,697.4202243
20306,590.2323204
20307,487.6878798
20308,410.4883622
20309,367.4547949
20310,395.1136846
20311,458.2275127
20312,527.6775715
20313,681.8747169
20314,967.8437205
20315,1072.981667
20316,1084.349611
20317,959.0226933
20318,1025.428877
20319,1012.476875
20320,986.6349931
20321,1009.61936
20322,1034.467323
20323,1097.674331
20324,1054.827124
20325,984.5695061
20326,988.1414009
20327,964.7843149
20328,565.7004171
20329,451.4585288
20330,382.0729679
20331,315.6932435
20332,265.7199571
20333,237.8631925
20334,255.7675222
20335,296.6227699
20336,341.579627
20337,441.3955113
20338,626.5107992
20339,694.5693687
20340,701.9281387
20341,620.8007154
20342,663.7871915
20343,655.4030191
20344,638.6748862
20345,653.5532737
20346,669.6380168
20347,710.5535823
20348,682.8174533
20349,637.337842
20350,639.6500238
20351,624.5303652
20352,539.3045365
20353,430.3932351
20354,364.2452412
20355,300.9628298
20356,253.3213234
20357,226.7643701
20358,243.8332744
20359,282.7821946
20360,325.641341
20361,420.7997633
20362,597.277474
20363,662.1603947
20364,669.1758006
20365,591.8338257
20366,632.8145301
20367,624.8215676
20368,608.8739783
20369,623.0581323
20370,638.3923528
20371,677.3987763
20372,650.9568298
20373,607.5993212
20374,609.8036154
20375,595.3894481
20376,959.7885473
20377,765.9614743
20378,648.2393292
20379,535.6169987
20380,450.8304465
20381,403.5676148
20382,433.9447722
20383,503.2613178
20384,579.536808
20385,748.8881815
20386,1062.961723
20387,1178.432445
20388,1190.91761
20389,1053.27378
20390,1126.206248
20391,1111.981347
20392,1083.599769
20393,1108.842999
20394,1136.132978
20395,1205.551861
20396,1158.493704
20397,1081.33129
20398,1085.254224
20399,1059.601644
20400,951.4560805
20401,759.3117298
20402,642.6115971
20403,530.9670048
20404,446.9165325
20405,400.0640162
20406,430.1774524
20407,498.8922219
20408,574.5055214
20409,742.3866599
20410,1053.733551
20411,1168.201806
20412,1180.578581
20413,1044.129715
20414,1116.429015
20415,1102.327608
20416,1074.192427
20417,1099.216506
20418,1126.269565
20419,1195.085784
20420,1148.436165
20421,1071.943641
20422,1075.832519
20423,1050.402643
20424,987.9500094
20425,788.4357944
20426,667.2595262
20427,551.332708
20428,464.0584065
20429,415.4088209
20430,446.6772842
20431,518.0276688
20432,596.5411825
20433,770.8615486
20434,1094.150422
20435,1213.009207
20436,1225.860703
20437,1084.178222
20438,1159.250625
20439,1144.608346
20440,1115.394016
20441,1141.377915
20442,1169.468618
20443,1240.924343
20444,1192.485437
20445,1113.058976
20446,1117.097014
20447,1090.691754
20448,931.4169112
20449,743.3194244
20450,629.077181
20451,519.7840003
20452,437.5037638
20453,391.6380355
20454,421.1172351
20455,488.384763
20456,562.4055269
20457,726.7508231
20458,1031.540257
20459,1143.59763
20460,1155.71373
20461,1022.138693
20462,1092.915255
20463,1079.110846
20464,1051.568236
20465,1076.065269
20466,1102.548548
20467,1169.915388
20468,1124.248284
20469,1049.366814
20470,1053.173785
20471,1028.279503
20472,903.5652322
20473,721.0923274
20474,610.2662108
20475,504.2411677
20476,424.4213147
20477,379.9270856
20478,408.5247839
20479,473.7808456
20480,545.5882048
20481,705.0191685
20482,1000.694641
20483,1109.40122
20484,1121.155019
20485,991.5742072
20486,1060.234374
20487,1046.842752
20488,1020.123734
20489,1043.888245
20490,1069.579608
20491,1134.932012
20492,1090.630468
20493,1017.98814
20494,1021.681273
20495,997.5313919
20496,584.9016363
20497,466.7821063
20498,395.0414343
20499,326.4086239
20500,274.7391252
20501,245.9368357
20502,264.448881
20503,306.690853
20504,353.173653
20505,456.3775261
20506,647.7760676
20507,718.1447071
20508,725.7532512
20509,641.87217
20510,686.3177094
20511,677.6489583
20512,660.3530327
20513,675.7364281
20514,692.3671257
20515,734.6714629
20516,705.9939036
20517,658.970606
20518,661.3612688
20519,645.728413
20520,557.6098166
20521,445.0018063
20522,376.608592
20523,311.1782249
20524,261.9196523
20525,234.4612928
20526,252.1095563
20527,292.3804956
20528,336.6943835
20529,435.0827093
20530,617.5504937
20531,684.6356952
20532,691.8892207
20533,611.922075
20534,654.2937621
20535,646.0294995
20536,629.540611
20537,644.2062089
20538,660.0609094
20539,700.3913038
20540,673.0518547
20541,628.222689
20542,630.5018022
20543,615.5983837
20544,992.3660561
20545,791.9600307
20546,670.2421156
20547,553.7971151
20548,466.1327054
20549,417.2656606
20550,448.6738911
20551,520.3432054
20552,599.2076673
20553,774.3072297
20554,1099.041175
20555,1218.431248
20556,1231.340189
20557,1089.024401
20558,1164.43237
20559,1149.724642
20560,1120.379725
20561,1146.479771
20562,1174.696037
20563,1246.471162
20564,1197.815739
20565,1118.034248
20566,1122.090337
20567,1095.567047
20568,983.7507655
20569,785.084578
20570,664.4233649
20571,548.9892893
20572,462.0859439
20573,413.6431416
20574,444.7786994
20575,515.8258119
20576,594.0056069
20577,767.5850309
20578,1089.499777
20579,1207.853358
20580,1220.650229
20581,1079.569964
20582,1154.323274
20583,1139.743232
20584,1110.653076
20585,1136.526532
20586,1164.497836
20587,1235.649841
20588,1187.416823
20589,1108.327961
20590,1112.348836
20591,1086.05581
20592,1021.483385
20593,815.1971827
20594,689.9079034
20595,570.046253
20596,479.8096538
20597,429.5087855
20598,461.8385749
20599,535.6107614
20600,616.7892107
20601,797.0264252
20602,1131.288493
20603,1254.181628
20604,1267.469335
20605,1120.977813
20606,1198.598352
20607,1183.459079
20608,1153.253145
20609,1180.119
20610,1209.163168
20611,1283.04427
20612,1232.961233
20613,1150.838848
20614,1155.013947
20615,1127.712429
20616,963.0314191
20617,768.5494556
20618,650.4295585
20619,537.4267069
20620,452.3536833
20621,404.931163
20622,435.4109569
20623,504.9617048
20624,581.4949097
20625,751.4184766
20626,1066.553189
20627,1182.414056
20628,1194.941406
20629,1056.832514
20630,1130.011401
20631,1115.738438
20632,1087.260966
20633,1112.589487
20634,1139.971671
20635,1209.625102
20636,1162.407948
20637,1084.984822
20638,1088.921011
20639,1063.181758
20640,934.2343878
20641,745.5679181
20642,630.9800992
20643,521.3563136
20644,438.8271847
20645,392.8227156
20646,422.3910878
20647,489.8620957
20648,564.1067677
20649,728.9491979
20650,1034.6606
20651,1147.056939
20652,1159.20969
20653,1025.230597
20654,1096.221254
20655,1082.375087
20656,1054.749163
20657,1079.320298
20658,1105.883687
20659,1173.454307
20660,1127.649063
20661,1052.541081
20662,1056.359568
20663,1031.389983
20664,604.7545907
20665,482.6258025
20666,408.4500813
20667,337.4877099
20668,284.0644253
20669,254.2845175
20670,273.4249057
20671,317.1006709
20672,365.1612077
20673,471.868066
20674,669.7631299
20675,742.5202485
20676,750.3870448
20677,663.6588399
20678,709.6129668
20679,700.6499776
20680,682.7669871
20681,698.6725315
20682,715.8677146
20683,759.6079617
20684,729.9570178
20685,681.3376375
20686,683.8094451
20687,667.645973
20688,576.5364216
20689,460.1062273
20690,389.3915844
20691,321.7403548
20692,270.809829
20693,242.4194674
20694,260.666755
20695,302.3045859
20696,348.1225927
20697,449.8504525
20698,638.511628
20699,707.873861
20700,715.3735884
20701,632.6921674
20702,676.5020504
20703,667.9572791
20704,650.9087184
20705,666.0721017
20706,682.4649485
20707,724.1642525
20708,695.8968373
20709,649.546063
20710,651.9025347
20711,636.4932587
20712,1026.049323
20713,818.84104
20714,692.991729
20715,572.5943079
20716,481.9543594
20717,431.4286508
20718,463.9029514
20719,538.0048928
20720,619.5462024
20721,800.5890608
20722,1136.345249
20723,1259.787706
20724,1273.134808
20725,1125.988482
20726,1203.955977
20727,1188.749034
20728,1158.408081
20729,1185.394025
20730,1214.568017
20731,1288.779361
20732,1238.472457
20733,1155.982993
20734,1160.176755
20735,1132.753201
20736,1017.141609
20737,811.7322181
20738,686.9754761
20739,567.6232931
20740,477.7702411
20741,427.6831748
20742,459.8755476
20743,533.3341682
20744,614.1675716
20745,793.6386947
20746,1126.479994
20747,1248.850777
20748,1262.082005
20749,1116.213139
20750,1193.503755
20751,1178.428831
20752,1148.351286
20753,1175.102949
20754,1204.023666
20755,1277.590739
20756,1227.720578
20757,1145.947251
20758,1150.104604
20759,1122.919131
20760,1056.154964
20761,842.8669163
20762,713.3250205
20763,589.3949802
20764,496.095536
20765,444.0873365
20766,477.5144759
20767,553.7906661
20768,637.7245052
20769,824.0794
20770,1169.687118
20771,1296.751539
20772,1310.490262
20773,1159.026469
20774,1239.281634
20775,1223.628498
20776,1192.397302
20777,1220.175049
20778,1250.205045
20779,1326.593848
20780,1274.810873
20781,1189.901059
20782,1194.217871
20783,1165.989675
20784,995.7189987
20785,794.6358543
20786,672.5066865
20787,555.6682491
20788,467.7076445
20789,418.675491
20790,450.1898416
20791,522.1013075
20792,601.2322316
20793,776.9234091
20794,1102.754544
20795,1222.548005
20796,1235.500562
20797,1092.703926
20798,1168.366679
20799,1153.609257
20800,1124.165192
20801,1150.353423
20802,1178.665024
20803,1250.682658
20804,1201.862842
20805,1121.811791
20806,1125.881583
20807,1099.268678
20808,965.9445276
20809,770.8742686
20810,652.3970663
20811,539.0523884
20812,453.7220243
20813,406.1560539
20814,436.7280472
20815,506.4891817
20816,583.2538946
20817,753.6914695
20818,1069.779445
20819,1185.990783
20820,1198.556027
20821,1060.029365
20822,1133.429614
20823,1119.113475
20824,1090.549861
20825,1115.954999
20826,1143.420012
20827,1213.284141
20828,1165.924158
20829,1088.266832
20830,1092.214928
20831,1066.397815
20832,625.2814015
20833,499.0072715
20834,422.3138496
20835,348.9428464
20836,293.7062483
20837,262.9155396
20838,282.7055981
20839,327.8638228
20840,377.5556487
20841,487.8843918
20842,692.4964854
20843,767.7231539
20844,775.8569679
20845,686.1850012
20846,733.6989206
20847,724.4317062
20848,705.9417245
20849,722.387141
20850,740.1659695
20851,785.3908648
20852,754.7334972
20853,704.4638594
20854,707.019566
20855,690.3074671
20856,596.1054406
20857,475.7233283
20858,402.6084621
20859,332.6609886
20860,280.0017594
20861,250.6477614
20862,269.5144054
20863,312.5655234
20864,359.9387024
20865,465.1194481
20866,660.1842331
20867,731.9007855
20868,739.6550715
20869,654.1672462
20870,699.464141
20871,690.6293397
20872,673.0021103
20873,688.6801749
20874,705.6294339
20875,748.7441116
20876,719.5172331
20877,671.5932031
20878,674.0296591
20879,658.0973556
20880,1060.87588
20881,846.6344548
20882,716.5135185
20883,592.0295222
20884,498.313038
20885,446.0723665
20886,479.6489222
20887,556.26606
20888,640.5750758
20889,827.76296
20890,1174.915513
20891,1302.5479
20892,1316.348035
20893,1164.207212
20894,1244.82111
20895,1229.098007
20896,1197.72721
20897,1225.62912
20898,1255.793348
20899,1332.523602
20900,1280.509162
20901,1195.219809
20902,1199.555916
20903,1171.201542
20904,1051.665817
20905,839.2843425
20906,710.2930596
20907,586.8897793
20908,493.9869008
20909,442.1997601
20910,475.4848188
20911,551.4367999
20912,635.0138815
20913,820.5766818
20914,1164.715407
20915,1291.239746
20916,1304.920073
20917,1154.100071
20918,1234.014114
20919,1218.427512
20920,1187.329063
20921,1214.988741
20922,1244.891096
20923,1320.955211
20924,1269.392338
20925,1184.84343
20926,1189.141893
20927,1161.03368
20928,1092.003378
20929,871.4758265
20930,737.5369703
20931,609.4004494
20932,512.9341998
20933,459.1607182
20934,493.7224543
20935,572.58764
20936,659.3703935
20937,852.0506171
20938,1209.389084
20939,1340.766374
20940,1354.971422
20941,1198.366588
20942,1281.345804
20943,1265.161363
20944,1232.870106
20945,1261.590696
20946,1292.639981
20947,1371.621602
20948,1318.08099
20949,1230.289134
20950,1234.752469
20951,1205.566141
20952,1029.516073
20953,821.6076874
20954,695.3331649
20955,574.5289527
20956,483.5827557
20957,432.8863341
20958,465.4703568
20959,539.8226691
20960,621.6394852
20961,803.2940396
20962,1140.184659
20963,1264.044195
20964,1277.436393
20965,1129.792899
20966,1208.023826
20967,1192.765502
20968,1162.322036
20969,1189.399158
20970,1218.671721
20971,1293.133806
20972,1242.656928
20973,1159.888754
20974,1164.096685
20975,1136.580475
20976,998.730985
20977,797.039577
20978,674.5409763
20979,557.3491101
20980,469.1224303
20981,419.9419576
20982,451.5516371
20983,523.6806306
20984,603.0509207
20985,779.2735527
20986,1106.090306
20987,1226.246135
20988,1239.237873
20989,1096.009286
20990,1171.900914
20991,1157.098851
20992,1127.56572
20993,1153.833169
20994,1182.23041
20995,1254.465893
20996,1205.4984
20997,1125.2052
20998,1129.287303
20999,1102.593896
21000,646.5049413
21001,515.9447665
21002,436.6481873
21003,360.7867975
21004,303.6753378
21005,271.839519
21006,292.3012993
21007,338.9923016
21008,390.3707864
21009,504.4443499
21010,716.0014651
21011,793.7815058
21012,802.1914009
21013,709.4757541
21014,758.6024091
21015,749.0206434
21016,729.9030677
21017,746.9066807
21018,765.2889651
21019,812.0489009
21020,780.3509493
21021,728.3750403
21022,731.0174936
21023,713.7381463
21024,616.3386788
21025,491.8705108
21026,416.273952
21027,343.9522947
21028,289.5056859
21029,259.1553433
21030,278.6623661
21031,323.1747415
21032,372.1558791
21033,480.9067097
21034,682.592458
21035,756.7432409
21036,764.7607259
21037,676.3712402
21038,723.2056195
21039,714.070944
21040,695.8454045
21041,712.0556199
21042,729.5801772
21043,774.1582697
21044,743.9393613
21045,694.3886757
21046,696.9078308
21047,680.4347469
21048,1096.884534
21049,875.3712442
21050,740.8336935
21051,612.124414
21052,515.2269691
21053,461.2131248
21054,495.9293488
21055,575.1470547
21056,662.3177193
21057,855.8592059
21058,1214.794943
21059,1346.759478
21060,1361.028021
21061,1203.723177
21062,1287.073303
21063,1270.81652
21064,1238.380924
21065,1267.229891
21066,1298.417964
21067,1377.752626
21068,1323.972692
21069,1235.788415
21070,1240.271701
21071,1210.954912
21072,1087.361859
21073,867.7716516
21074,734.4020974
21075,606.8102159
21076,510.7539925
21077,457.209073
21078,491.6239058
21079,570.153878
21080,656.5677648
21081,848.4290084
21082,1204.248622
21083,1335.067498
21084,1349.212168
21085,1193.272976
21086,1275.899492
21087,1259.783843
21088,1227.629839
21089,1256.228352
21090,1287.145664
21091,1365.791576
21092,1312.478537
21093,1225.059837
21094,1229.504201
21095,1200.441928
21096,1129.068573
21097,901.0557912
21098,762.5707313
21099,630.0849517
21100,530.344408
21101,474.7457263
21102,510.4805701
21103,592.022628
21104,681.7509948
21105,880.971244
21106,1250.438629
21107,1386.275178
21108,1400.962379
21109,1239.042003
21110,1324.837731
21111,1308.103953
21112,1274.716653
21113,1304.412088
21114,1336.51526
21115,1418.177705
21116,1362.819797
21117,1272.048077
21118,1276.662908
21119,1246.485926
21120,1064.4603
21121,849.4950088
21122,718.9344282
21123,594.0298334
21124,499.996706
21125,447.5795271
21126,481.2695291
21127,558.1455359
21128,642.7394096
21129,830.5597521
21130,1178.885242
21131,1306.948865
21132,1320.795627
21133,1168.140761
21134,1249.027032
21135,1233.250804
21136,1201.774014
21137,1229.770197
21138,1260.036342
21139,1337.025846
21140,1284.835664
21141,1199.25814
21142,1203.608899
21143,1175.158723
21144,1032.630293
21145,824.0929982
21146,697.4365032
21147,576.2668661
21148,485.0455626
21149,434.1957876
21150,466.8783749
21151,541.4555982
21152,623.5199049
21153,805.7239527
21154,1143.633645
21155,1267.867848
21156,1281.300557
21157,1133.210451
21158,1211.678021
21159,1196.373542
21160,1165.837986
21161,1192.997014
21162,1222.358126
21163,1297.045453
21164,1246.415886
21165,1163.397343
21166,1167.618003
21167,1140.018558
21168,668.4488585
21169,533.4571605
21170,451.4690666
21171,373.0327606
21172,313.9828019
21173,281.0663996
21174,302.2227015
21175,350.4985076
21176,403.6209005
21177,521.5663923
21178,740.3042598
21179,820.7243403
21180,829.4196873
21181,733.5570507
21182,784.3511813
21183,774.4441876
21184,754.6777158
21185,772.258472
21186,791.2646949
21187,839.6117743
21188,806.8379187
21189,753.0978236
21190,755.8299681
21191,737.9641186
21192,637.2586812
21193,508.5657672
21194,430.4032811
21195,355.6268547
21196,299.3321983
21197,267.9516928
21198,288.1208304
21199,334.1440618
21200,384.7877358
21201,497.2298286
21202,705.7612715
21203,782.4289085
21204,790.718526
21205,699.3288907
21206,747.7529404
21207,738.3082122
21208,719.4640545
21209,736.2244833
21210,754.3438657
21211,800.4350449
21212,769.1904347
21213,717.9578808
21214,720.562542
21215,703.5303225
21216,1134.115407
21217,905.0834287
21218,765.9793532
21219,632.9013742
21220,532.7149993
21221,476.8677965
21222,512.7623718
21223,594.6689153
21224,684.7983598
21225,884.9091054
21226,1256.027976
21227,1392.471702
21228,1407.224553
21229,1244.580408
21230,1330.759636
21231,1313.951059
21232,1280.414521
21233,1310.242691
21234,1342.489362
21235,1424.516831
21236,1368.911478
21237,1277.734017
21238,1282.369475
21239,1252.057605
21240,1124.26951
21241,897.2258879
21242,759.3294534
21243,627.4067996
21244,528.0901993
21245,472.7278376
21246,508.3107918
21247,589.5062583
21248,678.8532381
21249,877.2267092
21250,1245.123687
21251,1380.382868
21252,1395.007642
21253,1233.775502
21254,1319.206559
21255,1302.543907
21256,1269.298519
21257,1298.867734
21258,1330.834453
21259,1412.149795
21260,1357.027183
21261,1266.641285
21262,1271.236501
21263,1241.187785
21264,1167.391849
21265,931.6397704
21266,788.4541978
21267,651.4715354
21268,548.3455601
21269,490.8597267
21270,527.8074962
21271,612.1172857
21272,704.891247
21273,910.8735058
21274,1292.881494
21275,1433.328658
21276,1448.514378
21277,1281.098039
21278,1369.805879
21279,1352.504116
21280,1317.983572
21281,1348.68694
21282,1381.879771
21283,1466.314033
21284,1409.077146
21285,1315.224418
21286,1319.995887
21287,1288.794627
21288,1100.590617
21289,878.3288922
21290,743.3367747
21291,614.1926205
21292,516.9677848
21293,462.771442
21294,497.6049629
21295,577.0903245
21296,664.5555157
21297,858.7509279
21298,1218.899414
21299,1351.309822
21300,1365.626575
21301,1207.79024
21302,1291.421983
21303,1275.110273
21304,1242.565085
21305,1271.511526
21306,1302.804975
21307,1382.407688
21308,1328.446046
21309,1239.963817
21310,1244.462251
21311,1215.046408
21312,1067.680224
21313,852.0646769
21314,721.1091589
21315,595.8267357
21316,501.5091641
21317,448.9334266
21318,482.7253387
21319,559.8338905
21320,644.6836553
21321,833.0721423
21322,1182.451294
21323,1310.902302
21324,1324.790949
21325,1171.674312
21326,1252.805259
21327,1236.981309
21328,1205.409303
21329,1233.490173
21330,1263.847871
21331,1341.070264
21332,1288.722209
21333,1202.88582
21334,1207.249739
21335,1178.713503
21336,691.1376044
21337,551.5639668
21338,466.7930018
21339,385.6943807
21340,324.6401258
21341,290.6064625
21342,312.4808596
21343,362.3952615
21344,417.320755
21345,539.2695976
21346,765.4319492
21347,848.5816788
21348,857.5721665
21349,758.4557238
21350,810.9739281
21351,800.7306675
21352,780.2932746
21353,798.4707635
21354,818.1221028
21355,868.1101973
21356,834.223919
21357,778.659757
21358,781.484637
21359,763.0123781
21360,658.8887583
21361,525.8277004
21362,445.0121934
21363,367.6976769
21364,309.4922459
21365,277.0466113
21366,297.9003374
21367,345.485707
21368,397.8483478
21369,514.106993
21370,729.7164896
21371,808.9864088
21372,817.5573957
21373,723.0657785
21374,773.1334557
21375,763.3681511
21376,743.8843777
21377,761.2136954
21378,779.9480928
21379,827.6037163
21380,795.2985897
21381,742.3270809
21382,745.0201506
21383,727.409817
21384,1172.609985
21385,935.8041155
21386,791.9785164
21387,654.3835539
21388,550.7966149
21389,493.0538251
21390,530.1667477
21391,614.8533943
21392,708.0420468
21393,914.9450276
21394,1298.660557
21395,1439.735507
21396,1454.989106
21397,1286.824431
21398,1375.928786
21399,1358.549686
21400,1323.874839
21401,1354.715448
21402,1388.056648
21403,1472.868324
21404,1415.375593
21405,1321.103352
21406,1325.896149
21407,1294.555422
21408,1162.429895
21409,927.679871
21410,785.1029032
21411,648.7024804
21412,546.0148381
21413,488.7733461
21414,525.5640705
21415,609.5155045
21416,701.8951336
21417,907.0018727
21418,1287.38615
21419,1427.236349
21420,1442.357523
21421,1275.652781
21422,1363.983571
21423,1346.755349
21424,1312.381533
21425,1342.954398
21426,1376.006143
21427,1460.081521
21428,1403.087918
21429,1309.634107
21430,1314.385295
21431,1283.316654
21432,1207.015908
21433,963.2618427
21434,815.2162108
21435,673.5840306
21436,566.9577141
21437,507.5206747
21438,545.7225395
21439,632.894004
21440,728.8169344
21441,941.7907217
21442,1336.764971
21443,1481.979246
21444,1497.680405
21445,1324.581557
21446,1416.300352
21447,1398.411326
21448,1362.719073
21449,1394.464587
21450,1428.784061
21451,1516.084223
21452,1456.90458
21453,1359.866267
21454,1364.799691
21455,1332.539385
21456,1137.947283
21457,908.1414663
21458,768.5673949
21459,635.0397806
21460,534.5149024
21461,478.4790067
21462,514.4948603
21463,596.6781443
21464,687.1121124
21465,887.8989793
21466,1260.271763
21467,1397.176495
21468,1411.979193
21469,1248.785516
21470,1335.255921
21471,1318.390552
21472,1284.740703
21473,1314.669655
21474,1347.025279
21475,1429.329896
21476,1373.536668
21477,1282.051142
21478,1286.702263
21479,1256.287977
21480,1103.919833
21481,880.985781
21482,745.5853209
21483,616.0505139
21484,518.5315793
21485,464.1712961
21486,499.1101862
21487,578.8359859
21488,666.5657537
21489,861.3485946
21490,1222.586507
21491,1355.397448
21492,1369.757508
21493,1211.443728
21494,1295.328452
21495,1278.9674
21496,1246.323765
21497,1275.357767
21498,1306.745877
21499,1386.589382
21500,1332.46451
21501,1243.714629
21502,1248.226669
21503,1218.721846
21504,714.5964605
21505,570.2853613
21506,482.6370678
21507,398.7857664
21508,335.6591847
21509,300.4703379
21510,323.0872041
21511,374.6958197
21512,431.4856151
21513,557.5736919
21514,791.4125323
21515,877.3845617
21516,886.680208
21517,784.1995171
21518,838.5003144
21519,827.9093731
21520,806.7782864
21521,825.5727626
21522,845.8911151
21523,897.5759245
21524,862.5394653
21525,805.0893233
21526,808.0100865
21527,788.9108351
21528,681.2530117
21529,543.6755447
21530,460.1169669
21531,380.1782117
21532,319.9971497
21533,286.450233
21534,308.0117843
21535,357.2123145
21536,411.3522681
21537,531.5570086
21538,754.4848049
21539,836.445334
21540,845.3072405
21541,747.6083529
21542,799.3754462
21543,789.2786839
21544,769.1335849
21545,787.0511008
21546,806.4213883
21547,855.6945572
21548,822.2929176
21549,767.5234297
21550,770.3079085
21551,752.0998383
21552,1212.41116
21553,967.5675356
21554,818.8601531
21555,676.59489
21556,569.4919636
21557,509.789246
21558,548.1618696
21559,635.7229827
21560,732.0746799
21561,946.0004406
21562,1342.740188
21563,1488.603558
21564,1504.374901
21565,1330.502316
21566,1422.631086
21567,1404.662098
21568,1368.810303
21569,1400.697717
21570,1435.170596
21571,1522.860982
21572,1463.416811
21573,1365.944745
21574,1370.900222
21575,1338.495715
21576,1201.885533
21577,959.1675349
21578,811.7511653
21579,670.7209873
21580,564.5478819
21581,505.3634774
21582,543.4029666
21583,630.2039121
21584,725.7191258
21585,937.787676
21586,1331.083102
21587,1475.680149
21588,1491.314572
21589,1318.951474
21590,1410.280421
21591,1392.467432
21592,1356.926887
21593,1388.537468
21594,1422.711069
21595,1509.640165
21596,1450.712063
21597,1354.086207
21598,1358.998662
21599,1326.875477
21600,1247.984902
21601,995.9572434
21602,842.8865902
21603,696.4470766
21604,586.201609
21605,524.747135
21606,564.245662
21607,654.3759336
21608,753.5547167
21609,973.7573414
21610,1382.137957
21611,1532.28115
21612,1548.515245
21613,1369.541009
21614,1464.372959
21615,1445.876737
21616,1408.973003
21617,1441.796035
21618,1477.280394
21619,1567.543732
21620,1506.355391
21621,1406.023366
21622,1411.124243
21623,1377.768945
21624,1176.571924
21625,938.9659502
21626,794.6544024
21627,656.5945429
21628,552.657611
21629,494.7197236
21630,531.958041
21631,616.9308214
21632,710.4343337
21633,918.036385
21634,1303.048387
21635,1444.599993
21636,1459.905129
21637,1291.17227
21638,1380.577686
21639,1363.139866
21640,1328.347862
21641,1359.292674
21642,1392.746524
21643,1477.844757
21644,1420.157773
21645,1325.567011
21646,1330.376002
21647,1298.929382
21648,1141.389501
21649,910.8885362
21650,770.8922621
21651,636.9607354
21652,536.1317759
21653,479.9263752
21654,516.0511744
21655,598.4830576
21656,689.1905826
21657,890.584817
21658,1264.084004
21659,1401.402865
21660,1416.25034
21661,1252.563013
21662,1339.294984
21663,1322.378599
21664,1288.626962
21665,1318.646447
21666,1351.099944
21667,1433.653528
21668,1377.691528
21669,1285.929265
21670,1290.594455
21671,1260.088167
21672,738.851566
21673,589.6422044
21674,499.0189191
21675,412.321505
21676,347.0522568
21677,310.6690166
21678,334.0535531
21679,387.413888
21680,446.1312644
21681,576.4990707
21682,818.2749582
21683,907.1650829
21684,916.7762456
21685,810.8171161
21686,866.9610117
21687,856.0105887
21688,834.1622626
21689,853.594668
21690,874.6026739
21691,928.0417888
21692,891.8161087
21693,832.4159721
21694,835.4358729
21695,815.6883474
21696,704.3763612
21697,562.1291873
21698,475.7344324
21699,393.0823655
21700,330.8586149
21701,296.173036
21702,318.4664377
21703,369.3369511
21704,425.3145436
21705,549.5993192
21706,780.0938158
21707,864.8362804
21708,873.9989811
21709,772.9839606
21710,826.5081524
21711,816.0686819
21712,795.2398102
21713,813.7654893
21714,833.7932505
21715,884.7388681
21716,850.2034974
21717,793.5750026
21718,796.4539933
21719,777.6278977
21720,1253.563282
21721,1000.409082
21722,846.6542166
21723,699.5601317
21724,588.8218769
21725,527.0927069
21726,566.7677888
21727,657.3009345
21728,756.9230378
21729,978.1099482
21730,1388.315988
21731,1539.130308
21732,1555.436967
21733,1375.662733
21734,1470.918573
21735,1452.339674
21736,1415.270985
21737,1448.240732
21738,1483.883703
21739,1574.55051
21740,1513.088662
21741,1412.308163
21742,1417.43184
21743,1383.927447
21744,1242.68039
21745,991.723965
21746,839.3039328
21747,693.4868548
21748,583.7099814
21749,522.5167172
21750,561.8473572
21751,651.5945335
21752,750.351761
21753,969.6184228
21754,1376.263232
21755,1525.768248
21756,1541.933339
21757,1363.719827
21758,1458.148697
21759,1439.731092
21760,1402.984217
21761,1435.667736
21762,1471.00127
21763,1560.880947
21764,1499.952684
21765,1400.047117
21766,1405.126313
21767,1371.912791
21768,1290.344482
21769,1029.762404
21770,871.4961682
21771,720.0861488
21772,606.0986875
21773,542.5583023
21774,583.3975033
21775,676.587011
21776,779.1321582
21777,1006.808984
21778,1429.05101
21779,1584.290421
21780,1601.075539
21781,1416.026493
21782,1514.077264
21783,1494.953236
21784,1456.796902
21785,1490.734026
21786,1527.422809
21787,1620.749899
21788,1557.48468
21789,1453.747147
21790,1459.02116
21791,1424.533704
21792,1216.507577
21793,970.8366905
21794,821.6268651
21795,678.8809252
21796,571.4161264
21797,511.5116891
21798,550.0139636
21799,637.8709225
21800,734.5481667
21801,949.1967259
21802,1347.276953
21803,1493.633156
21804,1509.457786
21805,1334.997732
21806,1427.43778
21807,1409.40808
21808,1373.435151
21809,1405.430304
21810,1440.019658
21811,1528.006327
21812,1468.36131
21813,1370.559911
21814,1375.532131
21815,1343.018138
21816,1180.130979
21817,941.8062622
21818,797.0581812
21819,658.5806995
21820,554.329365
21821,496.2162192
21822,533.5671801
21823,618.7969977
21824,712.5833521
21825,920.8133864
21826,1306.990026
21827,1448.969815
21828,1464.321249
21829,1295.077984
21830,1384.753845
21831,1367.263277
21832,1332.366029
21833,1363.404447
21834,1396.959493
21835,1482.315142
21836,1424.45366
21837,1329.576766
21838,1334.400304
21839,1302.85856
21840,763.9299475
21841,609.6560649
21842,515.9568095
21843,426.3166787
21844,358.8320368
21845,321.2138628
21846,345.3921262
21847,400.5636379
21848,461.2740219
21849,596.066822
21850,846.0491587
21851,937.956426
21852,947.8938145
21853,838.3381798
21854,896.3877329
21855,885.0656264
21856,862.4757161
21857,882.5677037
21858,904.2887713
21859,959.541737
21860,922.086471
21861,860.6701524
21862,863.7925558
21863,843.3747523
21864,728.2845722
21865,581.2091905
21866,491.8819919
21867,406.424517
21868,342.0887442
21869,306.2258541
21870,329.2759469
21871,381.8731267
21872,439.750732
21873,568.2540288
21874,806.5720575
21875,894.1908831
21876,903.6645877
21877,799.2208769
21878,854.5618072
21879,843.7679962
21880,822.232143
21881,841.3866278
21882,862.0941789
21883,914.769012
21884,879.0614286
21885,820.5108279
21886,823.4875383
21887,804.0224403
21888,1296.112204
21889,1034.365348
21890,875.3916769
21891,723.3048684
21892,608.8078936
21893,544.9834886
21894,586.0052371
21895,679.6112934
21896,782.6148081
21897,1011.309329
21898,1435.438738
21899,1591.372056
21900,1608.232202
21901,1422.356002
21902,1520.845052
21903,1501.635541
21904,1463.308652
21905,1497.397472
21906,1534.25025
21907,1627.994504
21908,1564.446495
21909,1460.245265
21910,1465.542852
21911,1430.90124
21912,1284.859922
21913,1025.385438
21914,867.7919069
21915,717.02545
21916,603.5224881
21917,540.2521788
21918,580.9177944
21919,673.7112036
21920,775.8204866
21921,1002.529581
21922,1422.976883
21923,1577.556455
21924,1594.270229
21925,1410.007726
21926,1507.641736
21927,1488.598994
21928,1450.604842
21929,1484.397718
21930,1520.930556
21931,1613.860963
21932,1550.86465
21933,1447.56805
21934,1452.819646
21935,1418.478778
21936,1334.141846
21937,1064.714992
21938,901.0768234
21939,744.5275874
21940,626.6711202
21941,560.974023
21942,603.1994038
21943,699.5519852
21944,805.5777589
21945,1040.982479
21946,1477.556405
21947,1638.065011
21948,1655.419856
21949,1464.089804
21950,1565.468652
21951,1545.695509
21952,1506.244058
21953,1541.333089
21954,1579.267176
21955,1675.76201
21956,1610.349418
21957,1503.090787
21958,1508.543812
21959,1472.88577
21960,1257.79874
21961,1003.7892
21962,849.5148374
21963,701.9237604
21964,590.8113504
21965,528.8736138
21966,568.6827473
21967,659.5217806
21968,759.4804806
21969,981.4147231
21970,1393.006741
21971,1544.330622
21972,1560.692377
21973,1380.310734
21974,1475.888418
21975,1457.246746
21976,1420.052811
21977,1453.133955
21978,1488.897354
21979,1579.8705
21980,1518.200989
21981,1417.079978
21982,1422.220967
21983,1388.603372
21984,1220.187434
21985,973.7734094
21986,824.1122339
21987,680.9344967
21988,573.1446236
21989,513.0589793
21990,551.6777207
21991,639.8004413
21992,736.7701279
21993,952.0679854
21994,1351.352379
21995,1498.151301
21996,1514.023799
21997,1339.036015
21998,1431.755688
21999,1413.671449
22000,1377.589705
22001,1409.681641
22002,1444.375625
22003,1532.628448
22004,1472.803009
22005,1374.705768
22006,1379.693028
22007,1347.080682
22008,789.8595491
22009,630.3492435
22010,533.4696123
22011,440.7868819
22012,371.0116506
22013,332.1166262
22014,357.1155574
22015,414.1597216
22016,476.9307606
22017,616.2987493
22018,874.7660818
22019,969.7929006
22020,980.0675877
22021,866.7933739
22022,926.8132671
22023,915.1068613
22024,891.7501957
22025,912.5241531
22026,934.9824855
22027,992.1108684
22028,953.3842816
22029,889.8833468
22030,893.1117321
22031,872.0008997
22032,753.0042848
22033,600.9368144
22034,508.577638
22035,420.2195329
22036,353.7000507
22037,316.6198888
22038,340.4523566
22039,394.83481
22040,454.676919
22041,587.5419237
22042,833.9490338
22043,924.541851
22044,934.3371157
22045,826.3483366
22046,883.5676699
22047,872.4074912
22048,850.1406599
22049,869.9452935
22050,891.3557082
22051,945.8184506
22052,908.8988667
22053,848.3609192
22054,851.4386663
22055,831.3128765
22056,1340.105339
22057,1069.474171
22058,905.1045549
22059,747.855558
22060,629.4722832
22061,563.4815259
22062,605.8956503
22063,702.678919
22064,809.1786183
22065,1045.635576
22066,1484.160947
22067,1645.387013
22068,1662.819432
22069,1470.634152
22070,1572.466154
22071,1552.604627
22072,1512.976832
22073,1548.222707
22074,1586.326357
22075,1683.252514
22076,1617.547534
22077,1509.809466
22078,1515.286866
22079,1479.469436
22080,1328.471127
22081,1060.189461
22082,897.2468306
22083,741.3630012
22084,624.0074785
22085,558.5896243
22086,600.6355277
22087,696.5785661
22088,802.1536813
22089,1036.557822
22090,1471.276107
22091,1631.102478
22092,1648.383557
22093,1457.866746
22094,1558.814687
22095,1539.125589
22096,1499.841825
22097,1534.781711
22098,1572.554561
22099,1668.639247
22100,1603.50469
22101,1496.701957
22102,1502.131804
22103,1466.625325
22104,1379.425797
22105,1100.853954
22106,931.6615165
22107,769.7986266
22108,647.9418303
22109,580.0148172
22110,623.6734279
22111,723.2964454
22112,832.9209863
22113,1076.315903
22114,1527.708187
22115,1693.664838
22116,1711.608748
22117,1513.784498
22118,1618.604385
22119,1598.160095
22120,1557.369568
22121,1593.649604
22122,1632.871264
22123,1732.641363
22124,1665.008512
22125,1554.109268
22126,1559.747381
22127,1522.87902
22128,1300.491425
22129,1037.860195
22130,878.3493939
22131,725.7487243
22132,610.8648945
22133,546.8248437
22134,587.9851939
22135,681.9075203
22136,785.2590566
22137,1014.726276
22138,1440.288706
22139,1596.748881
22140,1613.665993
22141,1427.161767
22142,1525.983585
22143,1506.70917
22144,1468.252785
22145,1502.456782
22146,1539.434076
22147,1633.495067
22148,1569.732346
22149,1465.179047
22150,1470.494533
22151,1435.735877
22152,1261.603501
22153,1006.825598
22154,852.0845655
22155,704.047035
22156,592.598517
22157,530.4734227
22158,570.4029763
22159,661.5167918
22160,761.7778605
22161,984.3834399
22162,1397.220497
22163,1549.002124
22164,1565.413372
22165,1384.486086
22166,1480.352886
22167,1461.654824
22168,1424.34838
22169,1457.529592
22170,1493.401173
22171,1584.649507
22172,1522.79345
22173,1421.366555
22174,1426.523095
22175,1392.803809
22176,816.669263
22177,651.7447978
22178,551.5768412
22179,455.7482383
22180,383.6046695
22181,343.3894554
22182,369.2369098
22183,428.2172888
22184,493.1189263
22185,637.2173964
22186,904.4577257
22187,1002.709981
22188,1013.333415
22189,896.214405
22190,958.2715163
22191,946.1677673
22192,922.0183208
22193,943.4973958
22194,966.7180175
22195,1025.785474
22196,985.7444143
22197,920.0881066
22198,923.426071
22199,901.5986867
22200,778.5630433
22201,621.3340409
22202,525.8399741
22203,434.4827845
22204,365.7054727
22205,327.3667218
22206,352.0081203
22207,408.2364436
22208,470.1097364
22209,607.4844957
22210,862.2552499
22211,955.923003
22212,966.0507423
22213,854.3965669
22214,913.5580606
22215,902.0190789
22216,878.9964583
22217,899.4733083
22218,921.6104435
22219,977.921781
22220,939.7490586
22221,877.156309
22222,880.3385221
22223,859.5296151
22224,1385.591705
22225,1105.774671
22226,935.8259588
22227,773.2395565
22228,650.8380714
22229,582.6074307
22230,626.4611915
22231,726.5295148
22232,836.6440674
22233,1081.126937
22234,1534.536904
22235,1701.235366
22236,1719.259483
22237,1520.550977
22238,1625.8394
22239,1605.303725
22240,1564.330868
22241,1600.773073
22242,1640.17005
22243,1740.386112
22244,1672.450949
22245,1561.055995
22246,1566.71931
22247,1529.686151
22248,1373.5626
22249,1096.174816
22250,927.7015246
22251,766.5266268
22252,645.1877782
22253,577.5494862
22254,621.0225277
22255,720.2221014
22256,829.3806874
22257,1071.741063
22258,1521.214722
22259,1686.46598
22260,1704.33362
22261,1507.350214
22262,1611.724569
22263,1591.367176
22264,1550.750028
22265,1586.875857
22266,1625.930807
22267,1725.276837
22268,1657.931457
22269,1547.503585
22270,1553.117734
22271,1516.406081
22272,1426.246794
22273,1138.219559
22274,963.2843269
22275,795.927425
22276,669.934519
22277,599.7019012
22278,644.8423892
22279,747.8468491
22280,861.192308
22281,1112.848628
22282,1579.562241
22283,1751.151856
22284,1769.704824
22285,1565.165948
22286,1673.543673
22287,1652.405454
22288,1610.2304
22289,1647.741866
22290,1688.294803
22291,1791.451337
22292,1721.522866
22293,1606.859437
22294,1612.688921
22295,1574.569161
22296,1344.633201
22297,1073.087642
22298,908.1626639
22299,750.3823642
22300,631.5991036
22301,565.385381
22302,607.9428115
22303,705.0530853
22304,811.9126189
22305,1049.168502
22306,1489.175535
22307,1650.94634
22308,1668.437659
22309,1475.603036
22310,1577.779102
22311,1557.850468
22312,1518.088781
22313,1553.453743
22314,1591.686134
22315,1688.939779
22316,1623.012799
22317,1514.910713
22318,1520.406619
22319,1484.468172
22320,1304.425328
22321,1040.999656
22322,881.0063447
22323,727.9440678
22324,612.7127217
22325,548.4789539
22326,589.7638115
22327,683.970247
22328,787.6344151
22329,1017.795758
22330,1444.645488
22331,1601.578944
22332,1618.547229
22333,1431.47884
22334,1530.599588
22335,1511.266869
22336,1472.694156
22337,1507.001617
22338,1544.090765
22339,1638.436285
22340,1574.480686
22341,1469.61112
22342,1474.942685
22343,1440.078886
22344,844.3889625
22345,673.8665682
22346,570.2986727
22347,471.2174188
22348,396.6251254
22349,355.0449112
22350,381.7696898
22351,442.7520033
22352,509.8565569
22353,658.8460722
22354,935.1571746
22355,1036.744345
22356,1047.728365
22357,926.634056
22358,990.7975335
22359,978.2829544
22360,953.3138182
22361,975.5219441
22362,999.530729
22363,1060.603075
22364,1019.202927
22365,951.3180879
22366,954.7693508
22367,932.201093
22368,804.9893269
22369,642.4235978
22370,543.688235
22371,449.2301648
22372,378.1183873
22373,338.4783278
22374,363.9561141
22375,422.0929606
22376,486.0663803
22377,628.103966
22378,891.5222463
22379,988.369306
22380,998.8408049
22381,883.3968209
22382,944.5663965
22383,932.6357543
22384,908.8316912
22385,930.0035743
22386,952.8920965
22387,1011.114775
22388,971.6463794
22389,906.9290828
22390,910.2193079
22391,888.704097
22392,1432.621987
22393,1143.307297
22394,967.5901202
22395,799.4851483
22396,672.9290654
22397,602.3825142
22398,647.7247761
22399,751.1896566
22400,865.0417593
22401,1117.82296
22402,1586.622741
22403,1758.979345
22404,1777.615244
22405,1572.162098
22406,1681.024261
22407,1659.791556
22408,1617.427983
22409,1655.107123
22410,1695.841328
22411,1799.458961
22412,1729.217917
22413,1614.041952
22414,1619.897494
22415,1581.607342
22416,1420.184586
22417,1133.3816
22418,959.1899235
22419,792.5443658
22420,667.0869878
22421,597.1528911
22422,642.1015111
22423,744.6681545
22424,857.5318428
22425,1108.118507
22426,1572.848372
22427,1743.708651
22428,1762.182761
22429,1558.51327
22430,1666.430339
22431,1645.381968
22432,1603.386177
22433,1640.738202
22434,1681.11877
22435,1783.836841
22436,1714.205599
22437,1600.029542
22438,1605.834249
22439,1567.876514
22440,1474.657006
22441,1176.853441
22442,995.9804907
22443,822.9430971
22444,692.6736918
22445,620.0572118
22446,666.7298754
22447,773.230552
22448,890.4232256
22449,1150.62136
22450,1633.176345
22451,1810.59012
22452,1829.77282
22453,1618.291408
22454,1730.34773
22455,1708.49203
22456,1664.885454
22457,1703.670149
22458,1745.599549
22459,1852.257461
22460,1779.955452
22461,1661.400072
22462,1667.427424
22463,1628.013787
22464,1390.273253
22465,1109.510792
22466,938.9878672
22467,775.8521285
22468,653.0370812
22469,584.5759071
22470,628.5778382
22471,728.9842659
22472,839.4708665
22473,1084.779779
22474,1539.721699
22475,1706.98339
22476,1725.068406
22477,1525.688517
22478,1631.332681
22479,1610.727622
22480,1569.616329
22481,1606.181662
22482,1645.711751
22483,1746.266417
22484,1678.101719
22485,1566.33039
22486,1572.012841
22487,1534.854556
22488,1348.70063
22489,1076.333663
22490,910.9097979
22491,752.6522229
22492,633.5096505
22493,567.0956356
22494,609.7817997
22495,707.1858258
22496,814.3686027
22497,1052.34217
22498,1493.680196
22499,1655.940347
22500,1673.484577
22501,1480.066641
22502,1582.551783
22503,1562.562866
22504,1522.680902
22505,1558.152841
22506,1596.500883
22507,1694.048714
22508,1627.922309
22509,1519.493221
22510,1525.005752
22511,1488.958593
22512,873.0495346
22513,696.7392042
22514,589.6559676
22515,487.2116601
22516,410.0875266
22517,367.0959809
22518,394.7278621
22519,457.7800606
22520,527.1623025
22521,681.2088768
22522,966.898636
22523,1071.933917
22524,1083.29076
22525,958.0862224
22526,1024.427561
22527,1011.488207
22528,985.6715592
22529,1008.633482
22530,1033.457182
22531,1096.602469
22532,1053.797101
22533,983.6080892
22534,987.1764961
22535,963.8422179
22536,832.3125815
22537,664.2289844
22538,562.1423083
22539,464.4781063
22540,390.9526257
22541,349.9670883
22542,376.3096513
22543,436.4198008
22544,502.5646306
22545,649.4233103
22546,921.7826342
22547,1021.916914
22548,1032.74384
22549,913.3814126
22550,976.6272293
22551,964.2916327
22552,939.679603
22553,961.5701102
22554,985.2355233
22555,1045.434418
22556,1004.626371
22557,937.7124155
22558,941.1143186
22559,918.8688302
22560,1481.248589
22561,1182.113869
22562,1000.432433
22563,826.621578
22564,695.7698802
22565,622.8288112
22566,669.7100973
22567,776.6868223
22568,894.4033365
22569,1155.764533
22570,1640.476495
22571,1818.683293
22572,1837.951738
22573,1625.525023
22574,1738.082227
22575,1716.128834
22576,1672.32734
22577,1711.2854
22578,1753.402221
22579,1860.536884
22580,1787.911691
22581,1668.82638
22582,1674.880673
22583,1635.290861
22584,1468.389033
22585,1171.85127
22586,991.7471135
22587,819.4452088
22588,689.7295086
22589,617.4216822
22590,663.8959654
22591,769.9439649
22592,886.6385156
22593,1145.730688
22594,1626.234591
22595,1802.894275
22596,1821.99544
22597,1611.412922
22598,1722.992953
22599,1701.23015
22600,1657.808921
22601,1696.428764
22602,1738.179945
22603,1844.384511
22604,1772.389819
22605,1654.338355
22606,1660.340087
22607,1621.093977
22608,1524.710376
22609,1216.798649
22610,1029.78644
22611,850.8757455
22612,716.1846863
22613,641.1034301
22614,689.360275
22615,799.4758382
22616,920.6463102
22617,1189.676189
22618,1688.610239
22619,1872.04586
22620,1891.879667
22621,1673.220072
22622,1789.079852
22623,1766.482318
22624,1721.395631
22625,1761.496771
22626,1804.849355
22627,1915.12749
22628,1840.371378
22629,1717.791947
22630,1724.023881
22631,1683.272452
22632,1437.462438
22633,1147.17023
22634,970.8593514
22635,802.1863972
22636,675.2027147
22637,604.4178054
22638,649.9132668
22639,753.7277278
22640,867.9645067
22641,1121.599788
22642,1591.983519
22643,1764.922471
22644,1783.621336
22645,1577.474018
22646,1686.703997
22647,1665.399553
22648,1622.892845
22649,1660.699292
22650,1701.571127
22651,1805.538857
22652,1735.060487
22653,1619.495373
22654,1625.3707
22655,1586.951175
22656,1394.478741
22657,1112.866991
22658,941.8282455
22659,778.1990316
22660,655.0124766
22661,586.3442119
22662,630.479246
22663,731.1893968
22664,842.0102123
22665,1088.061169
22666,1544.379258
22667,1712.146906
22668,1730.286628
22669,1530.303627
22670,1636.267358
22671,1615.59997
22672,1574.364318
22673,1611.040259
22674,1650.689924
22675,1751.548761
22676,1683.177869
22677,1571.068439
22678,1576.768079
22679,1539.497393
22680,902.6829147
22681,720.3881919
22682,609.6702953
22683,503.748784
22684,424.0068738
22685,379.5560926
22686,408.1258657
22687,473.3182059
22688,545.0554463
22689,704.3307282
22690,999.7174781
22691,1108.317907
22692,1120.060228
22693,990.6059503
22694,1059.199072
22695,1045.820526
22696,1019.127599
22697,1042.868904
22698,1068.53518
22699,1133.823768
22700,1089.565484
22701,1016.99409
22702,1020.683617
22703,996.5573179
22704,860.5632525
22705,686.7744979
22706,581.2227569
22707,480.2435993
22708,404.2224888
22709,361.8458046
22710,389.082497
22711,451.2329281
22712,519.6228709
22713,671.4662839
22714,953.0701318
22715,1056.603207
22716,1067.797625
22717,944.3837527
22718,1009.776283
22719,997.0219869
22720,971.5745663
22721,994.2080894
22722,1018.676763
22723,1080.918952
22724,1038.725783
22725,969.5406078
22726,973.0579796
22727,950.0574264
22728,1531.525693
22729,1222.237628
22730,1034.389492
22731,854.6790827
22732,719.3859668
22733,643.9691041
22734,692.4416528
22735,803.0494225
22736,924.7615156
22737,1194.993933
22738,1696.158173
22739,1880.413735
22740,1900.336197
22741,1680.699213
22742,1797.076877
22743,1774.378333
22744,1729.090113
22745,1769.370501
22746,1812.916867
22747,1923.687936
22748,1848.597671
22749,1725.470321
22750,1731.730111
22751,1690.796527
22752,1518.229653
22753,1211.626693
22754,1025.409372
22755,847.2591305
22756,713.1405706
22757,638.3784443
22758,686.4301754
22759,796.0776965
22760,916.7331381
22761,1184.619515
22762,1681.432865
22763,1864.0888
22764,1883.838304
22765,1666.108113
22766,1781.475436
22767,1758.973952
22768,1714.078904
22769,1754.009596
22770,1797.177911
22771,1906.987313
22772,1832.54895
22773,1710.490538
22774,1716.695983
22775,1676.117767
22776,1576.462677
22777,1258.099693
22778,1064.739844
22779,879.7564944
22780,740.4937
22781,662.8640071
22782,712.7588043
22783,826.6119519
22784,951.8952383
22785,1230.056632
22786,1745.925691
22787,1935.587554
22788,1956.094568
22789,1730.013145
22790,1849.805483
22791,1826.440934
22792,1779.823897
22793,1821.286166
22794,1866.11024
22795,1980.131477
22796,1902.837965
22797,1776.097896
22798,1782.541357
22799,1740.406727
22800,1486.253336
22801,1186.107919
22802,1003.81263
22803,829.4145137
22804,698.1207027
22805,624.933185
22806,671.9728707
22807,779.3110417
22808,897.4252889
22809,1159.669556
22810,1646.019231
22811,1824.828143
22812,1844.161691
22813,1631.017243
22814,1743.954747
22815,1721.92718
22816,1677.977692
22817,1717.067381
22818,1759.326503
22819,1866.823146
22820,1793.952571
22821,1674.464903
22822,1680.539652
22823,1640.816077
22824,1441.81067
22825,1150.640346
22826,973.7961389
22827,804.6129598
22828,677.2451598
22829,606.2461307
22830,651.8792129
22831,756.007706
22832,870.5900439
22833,1124.992556
22834,1596.799168
22835,1770.261249
22836,1789.016677
22837,1582.245776
22838,1691.806169
22839,1670.43728
22840,1627.801992
22841,1665.722801
22842,1706.718271
22843,1811.000497
22844,1740.308934
22845,1624.394243
22846,1630.287342
22847,1591.751601
22848,933.3221224
22849,744.8398826
22850,630.3639569
22851,520.8472172
22852,438.3986768
22853,392.4391302
22854,421.9786295
22855,489.3837529
22856,563.5559261
22857,728.2373903
22858,1033.65027
22859,1145.936856
22860,1158.077739
22861,1024.229475
22862,1095.150811
22863,1081.318165
22864,1053.719217
22865,1078.266358
22866,1104.803808
22867,1172.308447
22868,1126.547931
22869,1051.513291
22870,1055.32805
22871,1030.382846
22872,889.7728185
22873,710.0852597
22874,600.9508413
22875,496.5442106
22876,417.9427626
22877,374.1277129
22878,402.2888834
22879,466.5488481
22880,537.2601085
22881,694.2574485
22882,985.4196016
22883,1092.466836
22884,1104.04122
22885,976.4383861
22886,1044.050495
22887,1030.863287
22888,1004.552121
22889,1027.953879
22890,1053.253078
22891,1117.607915
22892,1073.982609
22893,1002.449125
22894,1006.085885
22895,982.3046378
22896,1583.509322
22897,1263.723284
22898,1069.499135
22899,883.688926
22900,743.8036395
22901,665.826949
22902,715.9447714
22903,830.3068322
22904,956.1501235
22905,1235.554873
22906,1753.729821
22907,1944.239454
22908,1964.838133
22909,1737.746147
22910,1858.073945
22911,1834.604959
22912,1787.779548
22913,1829.427149
22914,1874.451583
22915,1988.982485
22916,1911.343478
22917,1784.036892
22918,1790.509155
22919,1748.186187
22920,1569.761983
22921,1252.752188
22922,1060.214208
22923,876.0171229
22924,737.3462597
22925,660.0465288
22926,709.7292501
22927,823.0984692
22928,947.8492438
22929,1224.828323
22930,1738.504701
22931,1927.360413
22932,1947.780262
22933,1722.65979
22934,1841.942955
22935,1818.677716
22936,1772.258824
22937,1813.544858
22938,1858.178409
22939,1971.715004
22940,1894.750025
22941,1768.54866
22942,1774.964733
22943,1733.009195
22944,1629.971575
22945,1300.802592
22946,1100.87965
22947,909.6175248
22948,765.6278195
22949,685.3631899
22950,736.9515354
22951,854.6691299
22952,984.2048294
22953,1271.807683
22954,1805.186567
22955,2001.286005
22956,2022.489075
22957,1788.733911
22958,1912.592286
22959,1888.434689
22960,1840.235359
22961,1883.104955
22962,1929.450465
22963,2047.341855
22964,1967.424817
22965,1836.382888
22966,1843.045055
22967,1799.480276
22968,1536.700314
22969,1226.367246
22970,1037.884421
22971,857.5668174
22972,721.8165818
22973,646.1449054
22974,694.7812301
22975,805.7627142
22976,927.8860402
22977,1199.031502
22978,1701.889043
22979,1886.767155
22980,1906.756931
22981,1686.377852
22982,1803.148724
22983,1780.373488
22984,1734.932251
22985,1775.348736
22986,1819.042234
22987,1930.187569
22988,1854.843594
22989,1731.300229
22990,1737.581169
22991,1696.509281
22992,1490.749158
22993,1189.69582
22994,1006.849099
22995,831.9234396
22996,700.2324732
22997,626.823568
22998,674.0055457
22999,781.6684078
23000,900.1399431
23001,1163.177482
23002,1650.998334
23003,1830.348131
23004,1849.740163
23005,1635.950965
23006,1749.230099
23007,1727.135899
23008,1683.053468
23009,1722.2614
23010,1764.648353
23011,1872.470166
23012,1799.379163
23013,1679.530052
23014,1685.623177
23015,1645.77944
23016,965.0012977
23017,770.1215218
23018,651.7600106
23019,538.5260121
23020,453.2789718
23021,405.7594488
23022,436.301589
23023,505.9946028
23024,582.6843562
23025,752.9555014
23026,1068.734821
23027,1184.832682
23028,1197.385656
23029,1058.994262
23030,1132.322837
23031,1118.020678
23032,1089.484956
23033,1114.865286
23034,1142.30348
23035,1212.099387
23036,1164.785651
23037,1087.204156
23038,1091.148396
23039,1065.356494
23040,919.9738267
23041,734.1872443
23042,621.3485438
23043,513.3981035
23044,432.1287352
23045,386.8264983
23046,415.9435261
23047,482.384627
23048,555.495996
23049,717.8221995
23050,1018.867089
23051,1129.547762
23052,1141.515008
23053,1009.58103
23054,1079.488055
23055,1065.853242
23056,1038.649012
23057,1062.845082
23058,1089.002996
23059,1155.542189
23060,1110.436136
23061,1036.474635
23062,1040.234835
23063,1015.646396
23064,1637.257399
23065,1306.617062
23066,1105.800482
23067,913.6834324
23068,769.0501062
23069,688.4267011
23070,740.2456417
23071,858.4894232
23072,988.6041355
23073,1277.492547
23074,1813.255587
23075,2010.231571
23076,2031.529418
23077,1796.729389
23078,1921.141399
23079,1896.87582
23080,1848.461043
23081,1891.522263
23082,1938.074933
23083,2056.493287
23084,1976.219027
23085,1844.591353
23086,1851.283299
23087,1807.523789
23088,1623.043442
23089,1295.27358
23090,1096.200403
23091,905.7512301
23092,762.3735475
23093,682.4500798
23094,733.8191509
23095,851.0363913
23096,980.0215042
23097,1266.401913
23098,1797.51369
23099,1992.779615
23100,2013.892562
23101,1781.130966
23102,1904.462885
23103,1880.407969
23104,1832.413508
23105,1875.100889
23106,1921.249409
23107,2038.639706
23108,1959.062352
23109,1828.577412
23110,1835.211262
23111,1791.831654
23112,1685.296691
23113,1344.95493
23114,1138.246127
23115,940.4921096
23116,791.6150508
23117,708.6260486
23118,761.9654253
23119,883.6786353
23120,1017.611085
23121,1314.975864
23122,1866.458898
23123,2069.214417
23124,2091.137171
23125,1849.447799
23126,1977.510222
23127,1952.532659
23128,1902.697329
23129,1947.022021
23130,1994.940608
23131,2116.833513
23132,2034.2039
23133,1898.714096
23134,1905.602393
23135,1860.558922
23136,1588.859581
23137,1267.993071
23138,1073.112689
23139,886.6746772
23140,746.3167554
23141,668.0766022
23142,718.3637595
23143,833.1122194
23144,959.3807019
23145,1239.729486
23146,1759.65521
23147,1950.808525
23148,1971.476801
23149,1743.617532
23150,1864.351886
23151,1840.803604
23152,1793.819983
23153,1835.6083
23154,1880.784859
23155,1995.702731
23156,1917.801402
23157,1790.064681
23158,1796.558812
23159,1754.092846
23160,1541.348734
23161,1230.076929
23162,1041.023955
23163,860.1609022
23164,724.0000308
23165,648.0994525
23166,696.8828989
23167,808.2000949
23168,930.6928362
23169,1202.658495
23170,1707.037149
23171,1892.474505
23172,1912.524748
23173,1691.479037
23174,1808.603134
23175,1785.759005
23176,1740.18031
23177,1780.719053
23178,1824.54472
23179,1936.026263
23180,1860.454377
23181,1736.537301
23182,1742.837241
23183,1701.641114
23184,997.7557396
23185,796.2612801
23186,673.8822974
23187,556.8048673
23188,468.6643394
23189,419.5318907
23190,451.1107039
23191,523.1692645
23192,602.4620508
23193,778.5126041
23194,1105.010226
23195,1225.048724
23196,1238.027776
23197,1094.939049
23198,1170.75657
23199,1155.968962
23200,1126.46467
23201,1152.706468
23202,1181.07598
23203,1253.240927
23204,1204.321249
23205,1124.106454
23206,1128.184571
23207,1101.51723
23208,951.1999291
23209,759.1073076
23210,642.438593
23211,530.8240577
23212,446.7962135
23213,399.9563108
23214,430.0616398
23215,498.7579099
23216,574.3508528
23217,742.1867943
23218,1053.449865
23219,1167.887303
23220,1180.260745
23221,1043.848614
23222,1116.12845
23223,1102.030839
23224,1073.903232
23225,1098.920575
23226,1125.966351
23227,1194.764042
23228,1148.126983
23229,1071.655052
23230,1075.542883
23231,1050.119853
23232,1692.829814
23233,1350.966756
23234,1143.333983
23235,944.6960238
23236,795.1534981
23237,711.7935426
23238,765.3713415
23239,887.6285985
23240,1022.159714
23241,1320.853687
23242,1874.801799
23243,2078.463618
23244,2100.484364
23245,1857.714663
23246,1986.349513
23247,1961.260302
23248,1911.202213
23249,1955.725033
23250,2003.857811
23251,2126.295566
23252,2043.296606
23253,1907.201176
23254,1914.120263
23255,1868.875451
23256,1678.133402
23257,1339.23825
23258,1133.408055
23259,936.4945836
23260,788.2503211
23261,705.6140606
23262,758.7267203
23263,879.9225929
23264,1013.285768
23265,1309.386609
23266,1858.525585
23267,2060.4193
23268,2082.248872
23269,1841.586792
23270,1969.10489
23271,1944.233493
23272,1894.609986
23273,1938.746278
23274,1986.461189
23275,2107.835992
23276,2025.557594
23277,1890.643684
23278,1897.502703
23279,1852.650687
23280,1742.499674
23281,1390.605903
23282,1176.880911
23283,972.4146513
23284,818.4843507
23285,732.6785041
23286,787.8283463
23287,913.6727925
23288,1052.151228
23289,1359.609276
23290,1929.810957
23291,2139.448482
23292,2162.115346
23293,1912.222462
23294,2044.631628
23295,2018.806267
23296,1967.279407
23297,2013.108585
23298,2062.653643
23299,2188.683883
23300,2103.249624
23301,1963.160974
23302,1970.283076
23303,1923.710722
23304,1642.789259
23305,1311.031775
23306,1109.536689
23307,916.7705272
23308,771.6485232
23309,690.7527129
23310,742.746736
23311,861.390032
23312,991.9443675
23313,1281.808857
23314,1819.382098
23315,2017.023612
23316,2038.393418
23317,1802.800063
23318,1927.632428
23319,1903.284862
23320,1854.706505
23321,1897.913217
23322,1944.623176
23323,2063.441634
23324,1982.896148
23325,1850.823739
23326,1857.538296
23327,1813.630934
23328,1593.66578
23329,1271.828669
23330,1076.358787
23331,889.3568115
23332,748.5743159
23333,670.0974912
23334,720.5367639
23335,835.6323307
23336,962.2827673
23337,1243.479589
23338,1764.978055
23339,1956.709597
23340,1977.440393
23341,1748.891863
23342,1869.991431
23343,1846.371917
23344,1799.246174
23345,1841.160898
23346,1886.474113
23347,2001.739604
23348,1923.602629
23349,1795.479513
23350,1801.993287
23351,1759.398865
23352,1031.621945
23353,823.2882841
23354,696.7554673
23355,575.7041504
23356,484.5719231
23357,433.7718021
23358,466.4224753
23359,540.9268752
23360,622.9110474
23361,804.9371757
23362,1142.516905
23363,1266.629795
23364,1280.049387
23365,1132.103888
23366,1210.494836
23367,1195.205301
23368,1164.699563
23369,1191.832071
23370,1221.164512
23371,1295.778908
23372,1245.19878
23373,1162.261304
23374,1166.477842
23375,1138.905348
23376,983.4859197
23377,784.8732173
23378,664.2444886
23379,548.8414902
23380,461.9615409
23381,413.5317804
23382,444.658956
23383,515.6869411
23384,593.8456885
23385,767.3783814
23386,1089.206462
23387,1207.528179
23388,1220.321605
23389,1079.279322
23390,1154.012507
23391,1139.43639
23392,1110.354065
23393,1136.220556
23394,1164.18433
23395,1235.317179
23396,1187.097147
23397,1108.029577
23398,1112.049369
23399,1085.763422
